prep,high_temp,avg_temp,low_temp,Labels
1.016,25.55555556,22.22222222,23.88888889,1000268201_693b08cb0e.jpg
2.54,26.11111111,22.22222222,24.44444444,1001773457_577c3a7d70.jpg
2.54,26.66666667,22.22222222,24.44444444,1002674143_1b742ab4b8.jpg
3.556,26.66666667,22.22222222,24.44444444,1003163366_44323f5815.jpg
3.556,25.55555556,21.66666667,23.33333333,1007129816_e794419615.jpg
0.508,24.44444444,22.22222222,23.33333333,1007320043_627395c3d8.jpg
0.254,25.55555556,17.77777778,21.66666667,1009434119_febe49276a.jpg
0.508,23.88888889,20.55555556,22.22222222,1012212859_01547e3f17.jpg
0.254,32.77777778,20,23.33333333,1015118661_980735411b.jpg
0.254,27.22222222,21.11111111,24.44444444,1015584366_dfcec3c85a.jpg
0.254,27.22222222,22.22222222,25,101654506_8eb26cfb60.jpg
1.778,27.22222222,21.11111111,24.44444444,101669240_b2d3e7f17b.jpg
0.254,26.66666667,21.66666667,24.44444444,1016887272_03199f49c4.jpg
1.016,27.77777778,22.77777778,25.55555556,1019077836_6fc9b15408.jpg
0.254,26.11111111,23.33333333,25,1019604187_d087bf9a5f.jpg
3.302,32.22222222,20.55555556,26.11111111,1020651753_06077ec457.jpg
0.762,27.77777778,22.22222222,25,1022454332_6af2c1449a.jpg
5.588,27.22222222,21.11111111,23.88888889,1022454428_b6b660a67b.jpg
0.254,29.44444444,22.22222222,25.55555556,1022975728_75515238d8.jpg
5.08,29.44444444,22.77777778,26.11111111,102351840_323e3de834.jpg
2.032,28.88888889,20.55555556,25,1024138940_f1fefbdce1.jpg
25.654,27.22222222,22.22222222,24.44444444,102455176_5f8ead62d5.jpg
40.132,28.88888889,21.66666667,25.55555556,1026685415_0431cbf574.jpg
0.762,30,21.66666667,26.11111111,1028205764_7e8df9a2ea.jpg
2.032,28.88888889,22.22222222,25.55555556,1030985833_b0902ea560.jpg
0.508,31.66666667,21.66666667,26.66666667,103106960_e8a41d64f8.jpg
19.05,32.77777778,21.66666667,27.22222222,103195344_5d2dc613a3.jpg
23.876,31.66666667,19.44444444,25.55555556,103205630_682ca7285b.jpg
4.064,32.77777778,20,26.66666667,1032122270_ea6f0beedb.jpg
2.54,31.11111111,22.22222222,26.66666667,1032460886_4a598ed535.jpg
0.508,33.88888889,18.88888889,26.66666667,1034276567_49bb87c51c.jpg
12.192,30.55555556,23.33333333,26.66666667,104136873_5b5d41be75.jpg
2.794,31.11111111,22.77777778,26.66666667,1042020065_fb3d3ba5ba.jpg
3.556,29.44444444,21.66666667,25.55555556,1042590306_95dea0916c.jpg
33.274,31.66666667,22.22222222,26.66666667,1045521051_108ebc19be.jpg
0.762,31.66666667,20,25.55555556,1048710776_bb5b0a5c7c.jpg
19.304,31.66666667,23.33333333,27.77777778,1052358063_eae6744153.jpg
47.752,35,23.33333333,28.88888889,105342180_4d4a40b47f.jpg
0.762,28.33333333,23.33333333,25.55555556,1053804096_ad278b25f1.jpg
0.508,30.55555556,21.11111111,25.55555556,1055623002_8195a43714.jpg
6.35,30.55555556,21.66666667,26.11111111,1055753357_4fa3d8d693.jpg
3.556,29.44444444,20.55555556,25,1056249424_ef2a2e041c.jpg
3.048,34.44444444,21.66666667,27.77777778,1056338697_4f7d7ce270.jpg
0.762,30,21.66666667,26.11111111,1056359656_662cee0814.jpg
8.382,27.77777778,22.22222222,25,1056873310_49c665eb22.jpg
10.16,32.22222222,22.22222222,27.22222222,1057089366_ca83da0877.jpg
27.178,31.11111111,23.33333333,27.22222222,1057210460_09c6f4c6c1.jpg
30.48,30,21.66666667,25.55555556,1057251835_6ded4ada9c.jpg
4.064,30,22.77777778,26.11111111,106490881_5a2dd9b7bd.jpg
3.556,30,20,25,106514190_bae200f463.jpg
45.212,30,21.11111111,25.55555556,1067180831_a59dc64344.jpg
0.254,31.66666667,22.22222222,26.66666667,1067675215_7336a694d6.jpg
10.668,31.11111111,22.77777778,26.66666667,1067790824_f3cc97239b.jpg
0.508,32.77777778,22.22222222,27.22222222,1072153132_53d2bb1b60.jpg
2.794,30.55555556,20.55555556,25.55555556,107318069_e9f2ef32de.jpg
15.494,28.88888889,22.77777778,25.55555556,1075716537_62105738b4.jpg
57.658,27.77777778,22.22222222,25,107582366_d86f2d3347.jpg
0.254,28.88888889,22.22222222,25.55555556,1075867198_27ca2e7efe.jpg
0.254,29.44444444,22.77777778,26.11111111,1075881101_d55c46bece.jpg
58.166,26.66666667,21.11111111,23.88888889,1077546505_a4f6c4daa9.jpg
0.762,29.44444444,22.22222222,25.55555556,1077931201_1e0bb83105.jpg
11.43,25,20,22.77777778,1079274291_9aaf896cc1.jpg
31.242,28.88888889,22.77777778,26.11111111,10815824_2997e03d76.jpg
17.78,27.22222222,23.88888889,25.55555556,1082252566_8c79beef93.jpg
26.924,27.77777778,21.66666667,25,1082379191_ec1e53f996.jpg
1.016,29.44444444,21.66666667,25.55555556,1084040636_97d9633581.jpg
2.54,28.88888889,22.22222222,25.55555556,1084104085_3b06223afe.jpg
26.67,27.22222222,21.66666667,24.44444444,1087168168_70280d024a.jpg
6.604,25.55555556,21.66666667,23.88888889,1087539207_9f77ab3aaf.jpg
5.334,28.33333333,21.11111111,24.44444444,1088767354_2acee738cf.jpg
0.254,27.77777778,21.66666667,24.44444444,108898978_7713be88fc.jpg
4.826,27.77777778,21.11111111,24.44444444,108899015_bf36131a57.jpg
7.62,27.77777778,21.11111111,24.44444444,1089181217_ee1167f7af.jpg
8.636,28.33333333,21.11111111,24.44444444,1089755335_0bfbfd30e6.jpg
7.874,24.44444444,22.77777778,23.33333333,109202756_b97fcdc62c.jpg
6.604,26.66666667,21.11111111,23.88888889,109202801_c6381eef15.jpg
12.446,26.66666667,21.66666667,24.44444444,109260216_85b0be5378.jpg
10.16,25.55555556,21.66666667,23.33333333,109260218_fca831f933.jpg
90.932,23.88888889,21.11111111,22.22222222,1093716555_801aacef79.jpg
13.462,26.11111111,20.55555556,23.33333333,1093737381_b313cd49ff.jpg
11.938,24.44444444,21.11111111,22.77777778,1094462889_f9966dafa6.jpg
0.508,26.66666667,22.22222222,24.44444444,1095476286_87d4f8664e.jpg
1.778,27.22222222,22.77777778,25,1095580424_76f0aa8a3e.jpg
2.54,26.66666667,21.11111111,24.44444444,1095590286_c654f7e5a9.jpg
0.254,26.11111111,20.55555556,23.33333333,1095980313_3c94799968.jpg
5.842,26.11111111,21.11111111,23.33333333,1096097967_ac305887b4.jpg
0.254,25.55555556,21.11111111,23.33333333,1096165011_cc5eb16aa6.jpg
0.254,23.33333333,21.11111111,22.22222222,1096395242_fc69f0ae5a.jpg
0.254,24.44444444,21.11111111,22.77777778,109671650_f7bbc297fa.jpg
1.778,24.44444444,21.11111111,22.77777778,109738763_90541ef30d.jpg
2.54,25,21.66666667,23.33333333,109738916_236dc456ac.jpg
0.508,25.55555556,20,22.77777778,109823394_83fcb735e1.jpg
1.016,26.66666667,20.55555556,23.88888889,109823395_6fb423a90f.jpg
0.762,26.66666667,20,23.33333333,109823397_e35154645f.jpg
0.508,27.22222222,20.55555556,23.88888889,1100214449_d10861e633.jpg
0.508,27.77777778,20.55555556,24.44444444,1104133405_c04a00707f.jpg
4.826,26.11111111,20.55555556,23.33333333,1105959054_9c3a738096.jpg
0.762,27.22222222,22.22222222,24.44444444,110595925_f3395c8bd6.jpg
0.254,27.77777778,21.66666667,25,1107246521_d16a476380.jpg
0.254,28.88888889,21.11111111,25,1107471216_4336c9b328.jpg
4.318,28.88888889,21.11111111,25,1110208841_5bb6806afe.jpg
6.096,26.11111111,22.22222222,24.44444444,1112212364_0c48235fc2.jpg
0.254,28.33333333,22.77777778,25.55555556,111497985_38e9f88856.jpg
2.032,31.11111111,21.11111111,26.11111111,111537217_082a4ba060.jpg
2.032,26.66666667,22.22222222,24.44444444,111537222_07e56d5a30.jpg
9.144,30,21.11111111,25.55555556,1115565519_d976d4b1f1.jpg
1.016,28.88888889,21.11111111,25,1115679311_245eff2f4b.jpg
0.254,30,22.22222222,24.44444444,111766423_4522d36e56.jpg
0.254,32.22222222,22.22222222,27.22222222,1117972841_2b9261f95f.jpg
6.604,30,23.88888889,26.66666667,1118557877_736f339752.jpg
4.572,29.44444444,22.22222222,25.55555556,1119015538_e8e796281e.jpg
9.906,31.11111111,23.33333333,27.77777778,1119418776_58e4b93eac.jpg
0.254,31.11111111,22.77777778,26.66666667,1119463452_69d4eecd08.jpg
0.762,31.11111111,23.33333333,27.22222222,1121416483_c7902d0d49.jpg
0.254,30,21.66666667,26.11111111,112178718_87270d9b4d.jpg
4.064,31.66666667,21.11111111,26.66666667,112243673_fd68255217.jpg
0.508,31.66666667,21.66666667,26.66666667,1122944218_8eb3607403.jpg
9.652,30,23.33333333,26.66666667,1124448967_2221af8dc5.jpg
1.524,30.55555556,23.33333333,27.22222222,1129704496_4a61441f2c.jpg
13.97,32.22222222,22.22222222,27.22222222,1130017585_1a219257ac.jpg
6.35,32.22222222,23.33333333,27.77777778,1130369873_d80a1aa59c.jpg
5.334,31.11111111,23.33333333,27.22222222,1130401779_8c30182e3e.jpg
1.778,27.22222222,22.77777778,25,1131155939_b4b457b05e.jpg
0.762,30,23.33333333,26.66666667,1131340021_83f46b150a.jpg
17.272,31.66666667,22.77777778,27.22222222,1131800850_89c7ffd477.jpg
0.762,31.66666667,24.44444444,27.77777778,1131804997_177c3c0640.jpg
33.528,32.77777778,23.33333333,27.77777778,1131932671_c8d17751b3.jpg
0.254,32.22222222,23.33333333,27.77777778,1132772170_600610c5df.jpg
1.27,33.33333333,22.22222222,27.77777778,113678030_87a6a6e42e.jpg
0.508,32.22222222,23.33333333,27.77777778,1138784872_69ade3f2ab.jpg
2.794,30.55555556,21.11111111,25.55555556,114051287_dd85625a04.jpg
2.54,32.77777778,22.22222222,27.77777778,1141718391_24164bf1b1.jpg
5.588,29.44444444,20.55555556,25,1141739219_2c47195e4c.jpg
1.524,31.66666667,22.22222222,26.66666667,1142283988_6b227c5231.jpg
0.254,31.66666667,22.77777778,27.22222222,1142847777_2a0c1c2551.jpg
13.716,29.44444444,21.11111111,25.55555556,1143373711_2e90b7b799.jpg
5.334,31.66666667,23.88888889,27.77777778,1143882946_1898d2eeb9.jpg
0.508,33.33333333,23.33333333,28.33333333,1144288288_e5c9558b6a.jpg
9.906,28.33333333,23.33333333,25.55555556,1148238960_f8cacec2fc.jpg
8.128,33.33333333,22.77777778,27.77777778,1149179852_acad4d7300.jpg
0.762,32.77777778,23.88888889,28.33333333,114949897_490ca7eaec.jpg
22.352,30.55555556,22.77777778,26.66666667,1151466868_3bc4d9580b.jpg
0.508,31.11111111,24.44444444,27.77777778,1153704539_542f7aa3a5.jpg
5.588,32.77777778,23.33333333,27.77777778,1155138244_859fd6e079.jpg
9.144,27.77777778,21.11111111,24.44444444,115684808_cb01227802.jpg
3.556,31.11111111,22.77777778,26.66666667,1159574340_99ba8c3c59.jpg
39.116,29.44444444,23.88888889,26.66666667,1160034462_16b38174fe.jpg
36.068,32.77777778,24.44444444,28.88888889,1160441615_fe6b3c5277.jpg
6.35,32.22222222,22.77777778,27.77777778,1163282319_b729b24c46.jpg
11.938,31.66666667,23.33333333,27.77777778,116409198_0fe0c94f3b.jpg
98.044,31.11111111,22.22222222,26.66666667,1164131282_b30926f332.jpg
0.508,31.66666667,22.22222222,26.66666667,1164765687_7aca07bbe7.jpg
3.81,30.55555556,21.11111111,25.55555556,1167662968_e466f1e80a.jpg
14.986,30.55555556,24.44444444,27.77777778,1167669558_87a8a467d6.jpg
0.762,32.22222222,23.88888889,27.77777778,1167908324_8caab45e15.jpg
5.334,28.88888889,23.88888889,26.66666667,1169307342_e7a4685a5c.jpg
13.462,31.66666667,21.11111111,26.66666667,1174525839_7c1e6cfa86.jpg
13.462,31.11111111,21.11111111,26.11111111,1174629344_a2e1a2bdbf.jpg
6.096,31.11111111,23.88888889,27.77777778,1176580356_9810d877bf.jpg
78.232,30,20.55555556,25.55555556,1177994172_10d143cb8d.jpg
6.604,28.33333333,21.11111111,24.44444444,1178705300_c224d9a4f1.jpg
146.304,25.55555556,22.77777778,24.44444444,118187095_d422383c81.jpg
14.732,27.77777778,23.33333333,25.55555556,118309463_a532b75be9.jpg
3.81,27.77777778,22.22222222,25,1184967930_9e29ce380d.jpg
5.842,25.55555556,22.22222222,23.88888889,1187435567_18173c148b.jpg
0.254,30,22.22222222,26.11111111,1187593464_ce862352c6.jpg
0.508,30,22.77777778,26.66666667,1189977786_4f5aaed773.jpg
5.334,30.55555556,23.33333333,26.66666667,1191338263_a4fa073154.jpg
21.844,29.44444444,22.77777778,26.11111111,1193116658_c0161c35b5.jpg
17.78,29.44444444,21.66666667,25.55555556,119534510_d52b3781a3.jpg
26.67,29.44444444,21.66666667,25.55555556,1197800988_7fb0ca4888.jpg
1.016,28.88888889,22.22222222,25.55555556,1198194316_543cc7b945.jpg
120.904,29.44444444,21.66666667,25.55555556,1204996216_71d7519d9a.jpg
42.164,27.77777778,20,23.88888889,1206506157_c7956accd5.jpg
0.508,27.22222222,20,23.33333333,1207159468_425b902bfb.jpg
0.508,28.33333333,22.77777778,25.55555556,1211015912_9f3ee3a995.jpg
0.254,28.33333333,22.77777778,25.55555556,1213336750_2269b51397.jpg
6.35,25,21.66666667,23.33333333,1215334959_b1970965f7.jpg
2.794,27.77777778,21.66666667,24.44444444,121800200_bef08fae5f.jpg
1.778,27.22222222,21.66666667,24.44444444,121971540_0a986ee176.jpg
0.508,26.66666667,21.66666667,24.44444444,1220401002_3f44b1f3f7.jpg
0.254,29.44444444,22.22222222,25.55555556,1222322358_225067636e.jpg
1.778,27.22222222,22.77777778,25,1224851143_33bcdd299c.jpg
0.762,27.77777778,21.66666667,24.44444444,1225443522_1633e7121f.jpg
23.368,27.77777778,21.66666667,24.44444444,1227655020_b11a1bb112.jpg
1.016,26.66666667,21.66666667,24.44444444,1229756013_94663527d7.jpg
0.254,27.77777778,22.22222222,25,1231229740_8dcbf80bfb.jpg
0.762,28.33333333,22.77777778,25.55555556,1232148178_4f45cc3284.jpg
1.016,26.66666667,21.66666667,24.44444444,1234293791_6566284bcd.jpg
0.508,31.66666667,23.33333333,27.77777778,1234817607_924893f6e1.jpg
4.064,31.11111111,22.77777778,26.66666667,1235580648_7eebaed9bc.jpg
21.082,31.66666667,21.66666667,26.66666667,1235681222_819231767a.jpg
0.254,31.11111111,22.77777778,26.66666667,1235685934_be89b231fb.jpg
44.958,28.88888889,21.66666667,25.55555556,1236951314_0308dc4138.jpg
17.78,31.11111111,20.55555556,25.55555556,1236964638_1808784a3c.jpg
2.286,32.22222222,22.22222222,27.22222222,1237985362_dbafc59280.jpg
2.286,32.22222222,23.33333333,27.77777778,123889082_d3751e0350.jpg
1.27,32.22222222,23.33333333,27.77777778,123997871_6a9ca987b1.jpg
2.54,31.66666667,24.44444444,27.77777778,1240297429_c36ae0c58f.jpg
9.144,31.11111111,22.77777778,26.66666667,124195430_d14028660f.jpg
4.826,33.33333333,20,26.66666667,1244140539_da4804d828.jpg
25.654,32.22222222,24.44444444,28.33333333,1244306891_8e78ae1620.jpg
0.254,33.33333333,22.22222222,27.77777778,1244485675_822e6efe60.jpg
50.038,32.77777778,20,26.66666667,1245022983_fb329886dd.jpg
17.526,32.22222222,23.33333333,27.77777778,1247181182_35cabd76f3.jpg
51.054,31.11111111,20.55555556,25.55555556,1248357227_2b4175fc39.jpg
3.048,33.88888889,22.22222222,27.77777778,1248734482_3038218f3b.jpg
4.318,32.22222222,23.33333333,27.77777778,124881487_36e668145d.jpg
8.382,30,22.77777778,26.66666667,1248940539_46d33ed487.jpg
1.27,33.33333333,23.88888889,28.88888889,1248953128_24c9f8d924.jpg
0.508,31.11111111,22.77777778,26.66666667,124972799_de706b6d0b.jpg
15.494,32.22222222,21.66666667,26.66666667,1251558317_4ef844b775.jpg
8.382,28.33333333,21.66666667,25,1252396628_eb81d3905b.jpg
7.112,33.33333333,21.66666667,27.77777778,1252787177_4b08625897.jpg
0.762,31.11111111,23.88888889,27.77777778,125319704_49ead3463c.jpg
3.048,31.66666667,22.77777778,27.22222222,1253264731_e7c689eca5.jpg
1.778,30.55555556,23.88888889,27.22222222,1253275679_e955fb7304.jpg
5.842,29.44444444,23.33333333,26.66666667,1255504166_f2437febcb.jpg
14.732,29.44444444,22.22222222,25.55555556,1258913059_07c613f7ff.jpg
2.032,27.22222222,23.33333333,25.55555556,1259936608_e3f0064f23.jpg
0.762,29.44444444,23.33333333,26.66666667,1260816604_570fc35836.jpg
25.4,27.77777778,21.11111111,24.44444444,1262077938_8b9516c273.jpg
6.35,27.77777778,21.11111111,24.44444444,1262454669_f1caafec2d.jpg
5.842,29.44444444,21.11111111,25.55555556,1262583859_653f1469a9.jpg
0.508,28.88888889,23.33333333,26.11111111,1263126002_881ebd7ac9.jpg
1.524,28.33333333,22.77777778,25.55555556,1263801010_5c74bf1715.jpg
0.254,25.55555556,22.77777778,24.44444444,1267711451_e2a754b4f8.jpg
1.27,27.77777778,22.22222222,25,1269470943_ba7fc49b4d.jpg
0.762,26.11111111,22.22222222,24.44444444,1271210445_7f7ecf3791.jpg
0.508,27.77777778,20.55555556,24.44444444,1271960365_e54033f883.jpg
1.016,27.77777778,22.22222222,25,1273001772_1585562051.jpg
0.508,26.66666667,22.22222222,24.44444444,127450902_533ceeddfc.jpg
0.762,26.11111111,21.11111111,23.33333333,127488876_f2d2a89588.jpg
0.762,27.22222222,21.66666667,24.44444444,127490019_7c5c08cb11.jpg
0.254,25,21.66666667,23.33333333,1277185009_06478dd457.jpg
0.254,25.55555556,22.22222222,23.88888889,1277743944_f4e8c78403.jpg
5.08,26.11111111,21.66666667,23.88888889,1280147517_98767ca3b3.jpg
7.366,26.11111111,22.22222222,24.44444444,1280320287_b2a4b9b7bd.jpg
1.27,26.66666667,21.66666667,24.44444444,1282392036_5a0328eb86.jpg
0.254,28.33333333,22.22222222,25.55555556,12830823_87d2654e31.jpg
1.524,28.88888889,22.22222222,25.55555556,1285067106_2adc307240.jpg
1.016,28.33333333,22.77777778,25.55555556,1285874746_486731a954.jpg
13.97,27.22222222,22.22222222,24.44444444,1286408831_05282582ed.jpg
3.048,26.11111111,22.22222222,24.44444444,1287064529_aa4e4f3c31.jpg
0.762,27.77777778,24.44444444,26.11111111,1287073593_f3d2a62455.jpg
2.032,26.66666667,23.33333333,25,1287475186_2dee85f1a5.jpg
16.256,27.77777778,23.88888889,25.55555556,1287920676_d21a0b289b.jpg
46.736,26.11111111,22.22222222,24.44444444,1287931016_fb015e2e10.jpg
4.318,27.77777778,23.33333333,25.55555556,1287982439_6578006e22.jpg
2.54,27.77777778,23.88888889,26.11111111,1288909046_d2b2b62607.jpg
1.016,26.66666667,23.33333333,25,128912885_8350d277a4.jpg
21.082,24.44444444,22.22222222,23.33333333,1289142574_2bd6a082dd.jpg
0.762,25.55555556,23.33333333,24.44444444,1290894194_8a4ffdc7eb.jpg
0.254,25,23.33333333,24.44444444,1294578091_2ad02fea91.jpg
1.27,24.44444444,22.22222222,23.33333333,1295669416_21cabf594d.jpg
4.064,25,22.77777778,23.88888889,1295671216_cde1b9c9d1.jpg
1.27,26.11111111,24.44444444,25.55555556,1295698260_e10c53c137.jpg
0.508,25.55555556,23.88888889,24.44444444,129599450_cab4e77343.jpg
0.254,24.44444444,22.77777778,23.33333333,1296412797_85b6d2f8d6.jpg
0.508,24.44444444,23.33333333,23.88888889,1296770308_3db2022f5a.jpg
0.254,25.55555556,22.22222222,23.88888889,1298295313_db1f4c6522.jpg
8.128,24.44444444,21.66666667,22.77777778,1298866571_b4c496b71c.jpg
1.016,26.11111111,23.33333333,24.44444444,1299459550_1fd5594fa2.jpg
2.54,27.22222222,22.22222222,24.44444444,1299459562_ed0e064aee.jpg
0.508,25.55555556,23.33333333,24.44444444,1301140633_046e4e8010.jpg
21.082,25,22.22222222,23.88888889,130211457_be3f6b335d.jpg
1.524,26.66666667,22.22222222,24.44444444,1302657647_46b36c0d66.jpg
0.254,25,21.66666667,23.33333333,1303335399_b3facd47ab.jpg
0.254,25.55555556,22.77777778,23.88888889,1303548017_47de590273.jpg
3.81,24.44444444,22.77777778,23.88888889,1303550623_cb43ac044a.jpg
3.048,26.11111111,22.77777778,24.44444444,1303727066_23d0f6ed43.jpg
0.254,25,22.22222222,23.33333333,1303727828_d1052ee341.jpg
0.762,26.11111111,21.11111111,23.88888889,1304100320_c8990a1539.jpg
2.032,24.44444444,22.77777778,23.33333333,1304961697_76b86b0c18.jpg
1.016,24.44444444,22.77777778,23.88888889,1305564994_00513f9a5b.jpg
2.54,25,21.66666667,23.33333333,1306145560_1e37081b91.jpg
7.112,23.88888889,21.66666667,22.77777778,1307635496_94442dc21a.jpg
8.89,24.44444444,22.22222222,23.33333333,1308472581_9961782889.jpg
8.382,25,22.22222222,23.33333333,1308617539_54e1a3dfbe.jpg
2.54,26.66666667,22.22222222,24.44444444,1309330801_aeeb23f1ee.jpg
1.524,26.66666667,22.77777778,25,1311132744_5ffd03f831.jpg
2.032,26.66666667,23.88888889,25,1311388430_4ab0cd1a1f.jpg
24.638,27.22222222,22.22222222,24.44444444,1312020846_5abb4a9be2.jpg
11.684,27.22222222,22.22222222,24.44444444,1312227131_771b5ed201.jpg
9.906,25,22.22222222,23.33333333,1312954382_cf6d70d63a.jpg
0.762,26.11111111,22.77777778,24.44444444,1313693129_71d0b21c63.jpg
0.762,26.66666667,22.77777778,25,1313961775_824b87d155.jpg
9.652,25,22.77777778,23.88888889,1316247213_1d2c726dd5.jpg
2.54,25.55555556,22.77777778,23.88888889,131632409_4de0d4e710.jpg
1.524,26.11111111,22.77777778,24.44444444,1317292658_ba29330a0b.jpg
4.064,26.66666667,22.77777778,25,1319634306_816f21677f.jpg
3.556,27.22222222,22.77777778,25,1321723162_9d4c78b8af.jpg
1.778,26.11111111,22.77777778,24.44444444,1321949151_77b77b4617.jpg
1.27,26.66666667,23.88888889,25,1322323208_c7ecb742c6.jpg
17.018,27.77777778,22.77777778,25.55555556,1324816249_86600a6759.jpg
144.78,25.55555556,21.66666667,23.33333333,132489044_3be606baf7.jpg
6.35,26.11111111,22.77777778,23.88888889,1329832826_432538d331.jpg
2.794,27.22222222,23.88888889,25.55555556,1330645772_24f831ff8f.jpg
6.35,27.77777778,23.33333333,25.55555556,133189853_811de6ab2a.jpg
18.034,28.33333333,23.33333333,25.55555556,1332208215_fa824f6659.jpg
5.842,27.77777778,22.77777778,25.55555556,1332492622_8c66992b62.jpg
10.668,27.77777778,23.88888889,25.55555556,1332722096_1e3de8ae70.jpg
50.8,27.22222222,22.22222222,24.44444444,1332815795_8eea44375e.jpg
106.426,27.22222222,23.33333333,25,1332823164_c70a5d930e.jpg
36.576,26.66666667,22.77777778,25,1333888922_26f15c18c3.jpg
53.34,27.77777778,23.33333333,25.55555556,1334892555_1beff092c3.jpg
34.798,28.33333333,23.88888889,26.11111111,1335617803_4fbc03dab0.jpg
4.064,28.33333333,24.44444444,26.11111111,1337792872_d01a390b33.jpg
6.096,27.77777778,24.44444444,25.55555556,1338523142_57fce8229b.jpg
12.954,27.22222222,21.66666667,24.44444444,133905560_9d012b47f3.jpg
0.254,28.33333333,22.22222222,25.55555556,1339596997_8ac29c1841.jpg
7.874,27.77777778,24.44444444,26.11111111,1341787777_4f1ebb1793.jpg
26.416,27.77777778,23.33333333,25.55555556,1342766791_1e72f92455.jpg
85.598,26.11111111,22.22222222,24.44444444,1342780478_bacc32344d.jpg
0.254,28.88888889,22.22222222,25.55555556,1343426964_cde3fb54e8.jpg
9.906,28.33333333,24.44444444,26.66666667,1346051107_9cdc14e070.jpg
4.064,28.88888889,25,26.66666667,1346529555_e916816cfe.jpg
47.498,26.66666667,22.77777778,24.44444444,134724228_30408cd77f.jpg
12.7,28.88888889,23.88888889,26.66666667,1347519824_e402241e4f.jpg
0.508,28.88888889,22.77777778,25.55555556,1348113612_5bfc5f429e.jpg
17.272,27.77777778,21.11111111,24.44444444,1348304997_afe60a61df.jpg
13.97,27.77777778,22.77777778,25.55555556,1348891916_ebd4413033.jpg
11.176,27.22222222,22.22222222,24.44444444,134894450_dadea45d65.jpg
59.182,27.77777778,23.33333333,25.55555556,1348947380_14f0fc1237.jpg
33.782,27.22222222,23.33333333,25.55555556,1348957576_c4a78eb974.jpg
11.938,26.66666667,22.22222222,24.44444444,1350811702_2ce7cfd0c5.jpg
40.894,27.77777778,21.66666667,24.44444444,1350948838_fdebe4ff65.jpg
28.194,26.11111111,22.77777778,24.44444444,1351315701_6580b51c41.jpg
33.528,27.77777778,22.77777778,25,1351764581_4d4fb1b40f.jpg
24.892,28.88888889,22.77777778,25.55555556,135235570_5698072cd4.jpg
7.366,29.44444444,22.77777778,26.11111111,1352398363_9cc8ffcce9.jpg
6.604,28.33333333,23.33333333,25.55555556,1352410176_af6b139734.jpg
14.478,28.33333333,23.33333333,25.55555556,1354318519_2f9baed754.jpg
1.27,28.88888889,22.77777778,25.55555556,1355450069_c0675b0706.jpg
36.068,28.88888889,21.11111111,25,1355703632_5683a4b6fb.jpg
3.302,28.33333333,21.66666667,25,1355833561_9c43073eda.jpg
0.254,27.77777778,22.77777778,25.55555556,1355935187_2c99648138.jpg
2.794,27.77777778,22.22222222,25,1355945307_f9e01a9a05.jpg
0.762,28.88888889,23.33333333,26.11111111,1356543628_c13ebe38fb.jpg
13.97,29.44444444,23.33333333,26.66666667,1356796100_b265479721.jpg
3.048,28.88888889,23.88888889,26.66666667,1357689954_72588dfdc4.jpg
0.508,28.88888889,23.88888889,26.66666667,1357724865_4faf4e1418.jpg
0.508,28.88888889,26.11111111,27.77777778,1357753846_6185e26040.jpg
1.016,29.44444444,21.66666667,25.55555556,1358089136_976e3d2e30.jpg
0.254,29.44444444,22.22222222,25.55555556,1358892595_7a37c45788.jpg
71.628,25.55555556,21.66666667,23.33333333,1359101233_16c2c150e3.jpg
2.286,28.88888889,22.22222222,25.55555556,1361420539_e9599c60ae.jpg
17.526,27.77777778,22.22222222,25,1362128028_8422d53dc4.jpg
5.334,29.44444444,21.66666667,25.55555556,1363843090_9425d93064.jpg
3.81,30.55555556,23.33333333,26.66666667,1363924449_487f0733df.jpg
50.8,29.44444444,22.77777778,26.11111111,136552115_6dc3e7231c.jpg
11.176,30,23.33333333,26.66666667,136639119_6040b00946.jpg
9.906,28.33333333,22.77777778,25.55555556,136644343_0e2b423829.jpg
2.794,29.44444444,24.44444444,27.22222222,136644885_f7d2bbf546.jpg
102.108,30,21.66666667,25.55555556,1368338041_6b4077ca98.jpg
31.496,26.66666667,20.55555556,23.88888889,1368383637_614646cc4a.jpg
8.128,30,24.44444444,27.22222222,136886677_6026c622eb.jpg
17.78,30,22.77777778,26.66666667,1370615506_2b96105ca3.jpg
1.27,28.33333333,23.33333333,25.55555556,1370773415_967b1ffde1.jpg
8.382,30.55555556,23.33333333,26.66666667,1377668044_36398401dd.jpg
11.176,27.77777778,22.22222222,25,1378557186_4bd1da6834.jpg
1.778,28.88888889,23.88888889,26.66666667,1379026456_153fd8b51b.jpg
11.176,25.55555556,23.33333333,24.44444444,1383698008_8ac53ed7ec.jpg
12.446,29.44444444,23.33333333,26.66666667,1383840121_c092110917.jpg
12.954,30,24.44444444,27.22222222,1384292980_4022a7520c.jpg
1.524,30,25.55555556,27.77777778,1386251841_5f384a0fea.jpg
0.508,30,25.55555556,27.77777778,1386964743_9e80d96b05.jpg
23.368,27.77777778,21.11111111,24.44444444,138705546_be7a6845dd.jpg
36.322,25.55555556,22.77777778,24.44444444,138718600_f430ebca17.jpg
0.254,30,23.33333333,26.66666667,1387443857_602ab6f9bf.jpg
1.016,31.66666667,23.88888889,27.77777778,1387461595_2fe6925f73.jpg
37.846,29.44444444,22.22222222,25.55555556,1387785218_cee67735f5.jpg
35.56,30.55555556,22.77777778,26.66666667,1388346434_524d0b6dfa.jpg
31.75,28.88888889,23.33333333,26.11111111,1388373425_3c72b56639.jpg
5.588,29.44444444,24.44444444,26.66666667,1388970365_162edcceb4.jpg
6.096,28.88888889,22.22222222,25.55555556,1389264266_8170bc1c54.jpg
16.256,31.66666667,20.55555556,26.11111111,1389323170_d1c81d6b51.jpg
49.022,26.66666667,21.66666667,24.44444444,1389651420_8d95d8f6ed.jpg
69.85,32.22222222,24.44444444,28.33333333,1390268323_2c8204e91c.jpg
36.83,30.55555556,23.33333333,26.66666667,1392272228_cf104086e6.jpg
1.016,30.55555556,23.88888889,27.22222222,1394368714_3bc7c19969.jpg
4.572,31.11111111,25,27.77777778,1394396709_65040d97ab.jpg
19.558,28.88888889,22.22222222,25.55555556,1394599090_fe0ba238f0.jpg
3.048,30.55555556,25.55555556,27.22222222,1394620454_bf708cc501.jpg
6.096,28.33333333,22.77777778,25.55555556,1394927474_0afdd82fc4.jpg
0.762,30.55555556,25.55555556,27.77777778,1396064003_3fd949c9dd.jpg
5.08,30,25.55555556,27.77777778,1396703063_e8c3687afe.jpg
2.286,30.55555556,23.88888889,27.22222222,1397295388_8a5b6b525d.jpg
5.842,29.44444444,23.33333333,26.66666667,1397887419_e798697b93.jpg
1.27,29.44444444,23.88888889,26.66666667,1397923690_d3bf1f799e.jpg
3.302,27.22222222,23.33333333,25.55555556,1398606571_f543f7698a.jpg
2.54,30,23.33333333,26.66666667,1398613231_18de248606.jpg
127.508,26.66666667,22.22222222,24.44444444,1398873613_7e3174dd6c.jpg
7.112,30,22.77777778,26.66666667,1400424834_1c76e700c4.jpg
0.762,29.44444444,23.88888889,26.66666667,1401961581_76921a75c5.jpg
1.524,30,26.11111111,27.77777778,1402640441_81978e32a9.jpg
2.032,30,24.44444444,27.22222222,1402641725_5e027ecaa7.jpg
10.16,29.44444444,23.88888889,26.66666667,1402843760_d30f1dbf0f.jpg
5.588,29.44444444,24.44444444,26.66666667,1402859872_0fc8cf8108.jpg
64.77,28.88888889,21.66666667,25.55555556,1403414927_5f80281505.jpg
1.27,27.22222222,23.88888889,25.55555556,140377584_12bdbdf2f8.jpg
105.156,27.22222222,23.88888889,25.55555556,140430106_2978fda105.jpg
16.002,27.77777778,23.33333333,25.55555556,1404832008_68e432665b.jpg
13.462,28.88888889,23.33333333,26.11111111,1405221276_21634dcd58.jpg
71.628,27.77777778,22.77777778,25.55555556,140526326_da07305c1c.jpg
0.762,29.44444444,23.88888889,26.66666667,140526327_3cb984de09.jpg
28.194,29.44444444,22.77777778,26.11111111,1406010299_5755339f08.jpg
75.184,27.22222222,23.88888889,25.55555556,1408958345_68eea9a4e4.jpg
143.51,27.77777778,22.77777778,25.55555556,1410193619_13fff6c875.jpg
60.96,26.11111111,22.77777778,24.44444444,141139674_246c0f90a1.jpg
3.81,28.33333333,22.77777778,25.55555556,141140165_9002a04f19.jpg
68.58,26.66666667,22.77777778,24.44444444,1412832223_99e8b4701a.jpg
8.89,28.33333333,23.33333333,25.55555556,1413956047_c826f90c8b.jpg
55.88,27.22222222,22.77777778,25,1414779054_31946f9dfc.jpg
8.89,28.33333333,23.88888889,26.11111111,1414820925_3504c394e1.jpg
0.508,28.88888889,23.88888889,26.11111111,1415591512_a84644750c.jpg
23.622,28.88888889,24.44444444,26.66666667,1417031097_ab656bc4bd.jpg
126.238,27.22222222,22.77777778,25,1417295167_5299df6db8.jpg
4.572,26.66666667,22.77777778,24.44444444,141755290_4b954529f3.jpg
1.016,28.33333333,23.88888889,26.11111111,141755292_7a0b3364cf.jpg
70.358,27.22222222,22.77777778,25,1417637704_572b4d6557.jpg
8.636,27.22222222,23.33333333,25.55555556,1417882092_c94c251eb3.jpg
2.032,27.22222222,23.88888889,25.55555556,1417941060_2a0f7908bc.jpg
1.778,27.22222222,24.44444444,25.55555556,1418019748_51c7d59c11.jpg
7.874,27.77777778,24.44444444,26.11111111,1418266617_b32143275b.jpg
0.762,26.66666667,24.44444444,25.55555556,1418503947_953d373632.jpg
0.762,26.11111111,24.44444444,25.55555556,1419286010_b59af3962a.jpg
0.254,26.66666667,23.88888889,25.55555556,1419385780_1383ec7ba9.jpg
0.762,26.66666667,25,25.55555556,1420060020_7a6984e2ea.jpg
6.858,27.22222222,23.33333333,25.55555556,1420060118_aed262d606.jpg
0.508,27.22222222,25,26.11111111,1423126855_6cd2a3956c.jpg
0.254,25.55555556,23.88888889,24.44444444,1423997242_ea2189ec5e.jpg
2.032,26.66666667,23.33333333,25,1424237335_b3be9920ba.jpg
0.762,26.66666667,24.44444444,25.55555556,1424775129_ffea9c13ab.jpg
0.254,26.66666667,24.44444444,25.55555556,1425013325_bff69bc9da.jpg
5.08,27.77777778,23.88888889,25.55555556,1425069308_488e5fcf9d.jpg
12.7,25.55555556,22.77777778,24.44444444,1425069590_570cc7c2d8.jpg
0.762,27.22222222,23.33333333,25.55555556,1425485485_d7c97a5470.jpg
0.508,26.11111111,23.33333333,24.44444444,1425919702_ddb761aeec.jpg
0.508,27.22222222,24.44444444,25.55555556,1426014905_da60d72957.jpg
1.27,25.55555556,22.77777778,24.44444444,1427391496_ea512cbe7f.jpg
0.254,27.22222222,23.88888889,25.55555556,142802798_962a4ec5ce.jpg
2.286,26.66666667,22.22222222,24.44444444,1428578577_82864facae.jpg
7.874,25.55555556,22.77777778,24.44444444,1428641354_f7453afbea.jpg
0.254,26.11111111,22.77777778,24.44444444,1428681303_04213524e3.jpg
1.27,26.66666667,23.88888889,25.55555556,1429546659_44cb09cbe2.jpg
4.318,26.66666667,23.33333333,25,1429723917_6af585e4c0.jpg
5.08,26.11111111,23.33333333,24.44444444,1429814475_0b592b9995.jpg
0.254,27.22222222,24.44444444,25.55555556,1430154945_71bbaa094a.jpg
16.764,25.55555556,23.33333333,24.44444444,1432179046_8e3d75cf81.jpg
17.272,26.11111111,22.77777778,24.44444444,1432342377_3e41603f26.jpg
24.13,27.22222222,22.77777778,25,143237785_93f81b3201.jpg
52.832,26.66666667,22.22222222,24.44444444,1433088025_bce2cb69f8.jpg
1.016,26.66666667,23.33333333,25,1433142189_cda8652603.jpg
0.508,25.55555556,23.33333333,24.44444444,1433397131_8634fa6664.jpg
3.556,25.55555556,22.77777778,24.44444444,1433577867_39a1510c43.jpg
25.146,25.55555556,22.77777778,24.44444444,1434005938_ad75c8598c.jpg
74.676,26.11111111,22.22222222,24.44444444,1434607942_da5432c28c.jpg
16.51,27.22222222,22.22222222,24.44444444,143552697_af27e9acf5.jpg
2.286,26.66666667,23.88888889,25.55555556,143552829_72b6ba49d4.jpg
2.54,27.22222222,23.88888889,25.55555556,1436760519_8d6101a0ed.jpg
3.302,25.55555556,23.33333333,24.44444444,143680442_2f03f76944.jpg
1.016,26.11111111,22.77777778,24.44444444,143680966_0010ff8c60.jpg
4.826,27.22222222,23.88888889,25.55555556,143684568_3c59299bae.jpg
2.54,26.66666667,24.44444444,25.55555556,143688205_630813a466.jpg
65.024,26.11111111,23.33333333,24.44444444,143688283_a96ded20f1.jpg
42.164,26.66666667,22.77777778,24.44444444,143688895_e837c3bc76.jpg
0.762,27.77777778,24.44444444,26.11111111,1439046601_cf110a75a7.jpg
1.27,27.77777778,24.44444444,26.11111111,1439282131_3814d6ae04.jpg
51.816,26.66666667,23.33333333,25,1440024115_129212c988.jpg
17.526,26.66666667,23.88888889,25.55555556,1443807993_aebfb2784a.jpg
13.208,26.66666667,23.33333333,25,1445123245_c7b9db0e0c.jpg
1.27,27.77777778,24.44444444,26.11111111,1445754124_647168f211.jpg
2.794,27.77777778,23.88888889,25.55555556,1446053356_a924b4893f.jpg
30.226,27.22222222,23.88888889,25.55555556,1446933195_8fe9725d62.jpg
29.972,28.33333333,23.33333333,25.55555556,1448511770_1a4a9c453b.jpg
215.9,27.77777778,22.77777778,25.55555556,1449370354_380c4123c9.jpg
21.336,30.55555556,21.11111111,25.55555556,1449625950_fc9a8d02d9.jpg
9.906,30.55555556,22.77777778,26.66666667,1449692616_60507875fb.jpg
9.652,28.33333333,24.44444444,26.66666667,1452361926_6d8c535e32.jpg
16.51,27.77777778,23.33333333,25.55555556,1453366750_6e8cf601bf.jpg
3.556,27.77777778,22.77777778,25.55555556,1454678644_7e5a371301.jpg
3.556,28.88888889,22.77777778,25.55555556,1454841725_4b6e6199e2.jpg
4.064,29.44444444,23.88888889,26.66666667,1456393634_74022d9056.jpg
2.54,28.33333333,25,26.66666667,1456630952_dd4778a48f.jpg
0.254,28.33333333,25,26.66666667,145721496_687af9bb18.jpg
0.508,30.55555556,24.44444444,27.77777778,145721498_a27d2db576.jpg
0.508,30.55555556,25,27.77777778,1457762320_7fe121b285.jpg
0.508,31.11111111,25.55555556,28.33333333,1459032057_97e73ed6ab.jpg
1.016,29.44444444,23.88888889,26.66666667,1459250022_bf1eddad11.jpg
1.27,28.88888889,25,26.66666667,1460352062_d64fb633e0.jpg
53.34,27.77777778,23.88888889,25.55555556,1460500597_866fa0c6f3.jpg
76.962,28.88888889,23.88888889,26.66666667,146098876_0d99d7fb98.jpg
1.524,30,24.44444444,27.22222222,146100443_906d87faa2.jpg
0.508,30,23.88888889,26.66666667,1461329041_c623b06e5b.jpg
7.874,29.44444444,24.44444444,26.66666667,1461653394_8ab96aae63.jpg
29.464,30,23.33333333,26.66666667,1461667284_041c8a2475.jpg
2.794,30,22.22222222,26.11111111,1463638541_c02cfa04dc.jpg
1.016,30,25,27.77777778,1463732130_a754441289.jpg
3.302,30.55555556,25,27.77777778,1463732807_0cdf4f22c7.jpg
9.398,29.44444444,25,27.22222222,1464120327_d90279ca3a.jpg
3.81,28.88888889,24.44444444,26.66666667,1465666502_de289b3b9c.jpg
3.048,28.88888889,23.33333333,26.11111111,146577645_91b570c0d0.jpg
0.254,29.44444444,26.11111111,27.77777778,146577646_9e64b8c2dc.jpg
1.524,30.55555556,23.88888889,27.22222222,1466307485_5e6743332e.jpg
13.462,29.44444444,23.33333333,26.66666667,1466307489_cb8a74de09.jpg
0.254,30,25,27.77777778,1466479163_439db855af.jpg
0.254,30,23.33333333,26.66666667,1467533293_a2656cc000.jpg
1.27,31.11111111,22.22222222,26.66666667,1468103286_96a6e07029.jpg
1.524,30,22.77777778,26.66666667,1468389504_c724bdcad0.jpg
0.254,30,22.22222222,26.11111111,1468429623_f001988691.jpg
10.16,29.44444444,23.88888889,26.66666667,1468962616_5803b4397f.jpg
24.638,29.44444444,23.33333333,26.66666667,1469000260_5d473c8283.jpg
15.748,30,23.33333333,26.66666667,1469358746_2a879abaf3.jpg
0.762,30,23.88888889,26.66666667,1470061031_4cb59c12a8.jpg
14.478,30.55555556,22.77777778,26.66666667,1470132731_fa416b7504.jpg
0.762,29.44444444,22.77777778,26.11111111,1470536919_1f3fd6c65a.jpg
5.588,32.22222222,23.33333333,27.77777778,1472053993_bed67a3ba7.jpg
12.954,30,23.33333333,26.66666667,1472230829_803818a383.jpg
6.858,30.55555556,25,27.77777778,1472249944_d887c3aeda.jpg
16.002,27.22222222,21.66666667,24.44444444,1472653060_7427d2865a.jpg
7.62,30,25,27.77777778,1472882567_33dc14c8b6.jpg
4.572,30,24.44444444,27.22222222,1473080948_bae2925dc8.jpg
45.974,31.11111111,22.22222222,26.66666667,1473250020_dc829a090f.jpg
9.906,30.55555556,25,27.77777778,1473618073_7db56a5237.jpg
2.032,31.11111111,26.66666667,28.88888889,1474474514_b3eb492722.jpg
41.148,30.55555556,22.77777778,26.66666667,1475046848_831245fc64.jpg
3.556,30,24.44444444,27.22222222,1476002408_4256b7b2fa.jpg
48.514,30,22.77777778,26.66666667,1476241331_2f43b67aed.jpg
5.842,30.55555556,23.88888889,27.22222222,1478268555_7e301fc510.jpg
33.02,28.33333333,22.22222222,25.55555556,1478294229_7e1c822fea.jpg
3.048,27.77777778,21.66666667,24.44444444,1478606153_a7163bf899.jpg
1.778,31.11111111,23.33333333,27.22222222,1479028910_3dab3448c8.jpg
10.414,31.66666667,21.66666667,26.66666667,1479124077_17dcc0d5d7.jpg
2.032,32.77777778,24.44444444,28.88888889,1479513774_70c94cf9d3.jpg
1.778,32.77777778,23.88888889,28.33333333,1479679558_d0a01bc62b.jpg
29.972,30,22.22222222,26.11111111,1479857177_9d4a6f38fd.jpg
6.604,31.11111111,23.88888889,27.77777778,1480712062_32a61ad4b7.jpg
5.588,33.88888889,23.88888889,28.88888889,1481062342_d9e34366c4.jpg
7.62,29.44444444,24.44444444,26.66666667,1482960952_95f2d419cb.jpg
3.048,32.22222222,22.77777778,27.77777778,148512773_bae6901fd6.jpg
12.954,32.77777778,22.77777778,27.77777778,1488937076_5baa73fc2a.jpg
0.254,32.77777778,22.77777778,27.77777778,1489286545_8df476fa26.jpg
2.032,30.55555556,24.44444444,27.77777778,1490213660_9ea45550cf.jpg
1.27,30.55555556,25,27.77777778,1490670858_e122df2560.jpg
0.508,32.22222222,24.44444444,28.33333333,1491192153_7c395991e5.jpg
13.716,29.44444444,22.22222222,25.55555556,1499495021_d295ce577c.jpg
1.524,32.22222222,24.44444444,28.33333333,1499554025_a8ffe0e479.jpg
15.748,30.55555556,23.88888889,27.22222222,1499581619_a5f65a882c.jpg
3.556,30.55555556,22.77777778,26.66666667,1500853305_0150615ce9.jpg
3.556,32.77777778,23.88888889,28.33333333,1501297480_8db52c15b0.jpg
18.796,31.11111111,22.77777778,26.66666667,1501811302_5e723fc529.jpg
7.874,31.11111111,26.66666667,28.88888889,1501985304_8c50093004.jpg
1.016,32.22222222,23.33333333,27.77777778,150387174_24825cf871.jpg
0.254,28.88888889,23.33333333,26.11111111,1505686764_9e3bcd854a.jpg
22.352,28.33333333,21.11111111,24.44444444,150582765_bad8dec237.jpg
14.224,29.44444444,26.11111111,27.77777778,1507563902_6ec8d5d822.jpg
68.326,28.33333333,26.11111111,27.22222222,1508269285_6c5723f67d.jpg
1.27,30.55555556,22.77777778,26.66666667,1509786421_f03158adfc.jpg
6.35,31.66666667,23.33333333,27.77777778,1510078253_96e9ec50e7.jpg
0.254,31.66666667,22.22222222,26.66666667,1510669311_75330b4781.jpg
17.78,31.66666667,24.44444444,27.77777778,1511807116_41c3645e8c.jpg
27.178,27.22222222,22.22222222,24.44444444,1514957266_a19827c538.jpg
0.508,29.44444444,23.88888889,26.66666667,1515025681_999199cb79.jpg
2.286,30,24.44444444,27.22222222,1515883224_14e36a53c7.jpg
1.016,30.55555556,25,27.77777778,1516714577_7d1c35a8d8.jpg
0.508,28.88888889,26.11111111,27.77777778,1517340899_ee1c74a8f6.jpg
17.526,27.77777778,23.88888889,26.11111111,1517721825_10176d0683.jpg
17.526,28.33333333,23.88888889,26.11111111,1517807181_ca6588f2a0.jpg
1.016,31.11111111,22.22222222,26.66666667,152029243_b3582c36fa.jpg
25.4,31.11111111,23.33333333,27.22222222,1521623639_4bda3407cc.jpg
3.302,30,24.44444444,27.22222222,1522787272_5a31497ef2.jpg
0.508,30.55555556,23.88888889,27.22222222,1523800748_a59e980eee.jpg
7.62,29.44444444,22.22222222,26.11111111,1523984678_edd68464da.jpg
80.264,27.22222222,22.77777778,25,1525153022_06c48dbe52.jpg
70.866,27.22222222,20.55555556,23.88888889,1526181215_c1a94325ae.jpg
24.638,28.88888889,24.44444444,26.66666667,1526325728_74eb4153d8.jpg
35.814,27.77777778,22.77777778,25.55555556,1527297882_dededc7891.jpg
6.604,28.88888889,22.22222222,25.55555556,1527333441_af65636a74.jpg
22.86,28.33333333,25,26.66666667,1527513023_3d8152b379.jpg
9.652,27.77777778,23.33333333,25.55555556,1528205014_1323aa9dfd.jpg
30.988,28.88888889,22.77777778,25.55555556,1529044279_4922ead27c.jpg
20.828,28.88888889,23.88888889,26.66666667,1536597926_c2e1bc2379.jpg
8.128,28.33333333,23.88888889,26.11111111,1536774449_e16b1b6382.jpg
34.036,27.77777778,23.88888889,25.55555556,1539166395_0cdc0accee.jpg
58.166,27.77777778,24.44444444,26.11111111,1540631615_8b42c1b160.jpg
1.016,28.88888889,26.11111111,27.77777778,1541272333_1624b22546.jpg
6.858,28.33333333,25.55555556,26.66666667,1542033433_5453d4c466.jpg
20.066,27.77777778,24.44444444,26.11111111,1547883892_e29b3db42e.jpg
14.478,27.77777778,23.88888889,25.55555556,154871781_ae77696b77.jpg
11.176,27.77777778,25,26.66666667,1550772959_9ca9fa625f.jpg
22.352,27.77777778,24.44444444,26.11111111,1552065993_b4dcd2eadf.jpg
37.846,27.22222222,25,26.11111111,155221027_b23a4331b7.jpg
10.16,26.66666667,23.88888889,25.55555556,1554713437_61b64527dd.jpg
6.858,26.11111111,23.33333333,24.44444444,1557451043_f5c91ff6f4.jpg
0.254,27.22222222,25.55555556,26.66666667,1557838421_a33f2a4911.jpg
1.27,27.77777778,23.33333333,25.55555556,1561658940_a947f2446a.jpg
3.302,25.55555556,23.33333333,24.44444444,1562392511_522a26063b.jpg
1.524,25.55555556,22.77777778,24.44444444,1562478333_43d13e5427.jpg
0.508,26.66666667,22.22222222,24.44444444,1562478713_505ab6d924.jpg
2.794,28.33333333,23.33333333,25.55555556,1563731247_7f21d8bec0.jpg
1.778,25.55555556,22.22222222,23.88888889,1564614124_0ee6799935.jpg
3.048,26.11111111,22.77777778,24.44444444,1566117559_f5d98fbeb0.jpg
3.048,26.11111111,23.33333333,24.44444444,1569562856_eedb5a0a1f.jpg
4.572,25,22.22222222,23.33333333,156967462_72db9b722c.jpg
1.778,25,23.33333333,24.44444444,1569687608_0e3b3ad044.jpg
12.192,25,22.22222222,23.33333333,1570723692_3a2b064d43.jpg
3.556,25.55555556,22.77777778,24.44444444,157139628_5dc483e2e4.jpg
0.254,25.55555556,22.77777778,24.44444444,1572286502_64e5c4b920.jpg
5.588,24.44444444,22.22222222,23.33333333,1572532018_64c030c974.jpg
1.524,25.55555556,23.33333333,24.44444444,1573017288_4d481856e2.jpg
6.858,26.11111111,22.77777778,24.44444444,1574401950_6bedc0d29b.jpg
1.524,26.11111111,23.33333333,24.44444444,1576185717_f841ddc3da.jpg
2.54,27.77777778,23.33333333,25.55555556,1579198375_84b18e003a.jpg
27.432,25.55555556,22.22222222,23.88888889,1579206585_5ca6a24db0.jpg
7.874,27.22222222,22.77777778,25,1579287915_4257c54451.jpg
2.54,24.44444444,22.22222222,23.33333333,1579798212_d30844b4c5.jpg
1.778,26.11111111,23.33333333,24.44444444,1580172290_e19067e0dd.jpg
1.524,26.66666667,23.88888889,25.55555556,1580671272_3e99d94305.jpg
2.032,28.33333333,23.33333333,25.55555556,1581822598_0ae23074f1.jpg
16.764,26.11111111,22.22222222,24.44444444,1584315962_5b0b45d02d.jpg
20.066,25.55555556,22.77777778,24.44444444,1594038143_57f299aa8a.jpg
2.032,26.11111111,23.33333333,24.44444444,159712188_d530dd478c.jpg
0.508,26.11111111,23.33333333,24.44444444,1597319381_1e80d9e39c.jpg
1.524,28.88888889,23.88888889,26.66666667,1597557856_30640e0b43.jpg
62.23,27.22222222,22.77777778,25,1598085252_f3219b6140.jpg
30.226,26.66666667,23.33333333,25,1600208439_e94527b80f.jpg
37.338,25.55555556,23.33333333,24.44444444,160541986_d5be2ab4c1.jpg
3.302,26.66666667,23.33333333,25,160566014_59528ff897.jpg
7.874,28.33333333,22.22222222,25.55555556,160585932_fa6339f248.jpg
0.508,27.22222222,25,26.11111111,1606988704_fe330878a3.jpg
7.874,27.22222222,24.44444444,25.55555556,160792599_6a7ec52516.jpg
1.016,27.22222222,24.44444444,25.55555556,160805827_5e6646b753.jpg
1.524,27.77777778,23.88888889,25.55555556,1616016569_673de1d678.jpg
2.794,27.22222222,23.33333333,25.55555556,161669933_3e7d8c7e2c.jpg
0.508,28.33333333,25,26.66666667,161905204_247c6ca6de.jpg
55.372,28.33333333,24.44444444,26.66666667,1620397000_3883e3ecd3.jpg
0.762,28.88888889,23.88888889,26.66666667,162152393_52ecd33fc5.jpg
5.08,30,23.33333333,26.66666667,1622619190_d0b51aff28.jpg
9.398,27.77777778,21.66666667,24.44444444,1625306051_7099519baa.jpg
24.892,26.66666667,23.33333333,25,1626754053_81126b67b6.jpg
5.334,27.77777778,22.77777778,25.55555556,162743064_bb242faa31.jpg
26.924,26.66666667,22.22222222,24.44444444,1643915227_9f48068772.jpg
6.096,26.11111111,23.33333333,24.44444444,1650280501_29810b46e5.jpg
5.08,26.66666667,22.77777778,24.44444444,1655781989_b15ab4cbff.jpg
16.002,26.66666667,21.66666667,24.44444444,1659358133_95cd1027bd.jpg
7.874,27.22222222,23.33333333,25.55555556,1659358141_0433c9bf99.jpg
0.762,27.22222222,23.33333333,25.55555556,1659396176_ced00a549f.jpg
73.66,28.88888889,23.33333333,26.11111111,1662261486_db967930de.jpg
0.508,28.33333333,22.22222222,25.55555556,166321294_4a5e68535f.jpg
1.27,28.88888889,25,26.66666667,1663454406_5e2cf8c5bb.jpg
75.184,27.77777778,23.33333333,25.55555556,1663751778_90501966f0.jpg
0.254,29.44444444,22.77777778,26.11111111,166433861_70b66cd381.jpg
11.684,28.88888889,25,26.66666667,166507476_9be5b9852a.jpg
0.254,28.88888889,22.77777778,25.55555556,166654939_80ea4ddbcc.jpg
10.414,30,22.77777778,26.66666667,1670592963_39731a3dac.jpg
7.62,30,21.66666667,25.55555556,167295035_336f5f5f27.jpg
10.668,30.55555556,23.88888889,27.22222222,1674612291_7154c5ab61.jpg
1.778,30.55555556,24.44444444,27.77777778,1675679141_36c9bc2969.jpg
0.762,30,22.22222222,26.11111111,1676601498_7d59327523.jpg
1.524,29.44444444,26.66666667,27.77777778,1679557684_50a206e4a9.jpg
8.382,28.88888889,23.88888889,26.66666667,1679565118_d36f0d6d52.jpg
16.256,26.11111111,21.11111111,23.33333333,1679617928_a73c1769be.jpg
3.048,27.22222222,21.66666667,24.44444444,1680126311_b92a2e8e72.jpg
4.572,28.88888889,24.44444444,26.66666667,1682079482_9a72fa57fa.jpg
31.496,30,23.33333333,26.66666667,1683444418_815f660379.jpg
0.762,28.88888889,25.55555556,27.22222222,1685463722_55843b6d3c.jpg
18.288,27.22222222,23.88888889,25.55555556,1685990174_09c4fb7df8.jpg
0.508,28.33333333,22.77777778,25.55555556,1688699579_2f72328c7e.jpg
19.558,29.44444444,25,27.22222222,1689658980_0074d81d28.jpg
0.254,29.44444444,25,27.22222222,1691573772_1adef8e40e.jpg
5.588,27.77777778,22.22222222,25,169490297_b6ff13632a.jpg
20.828,27.22222222,22.22222222,24.44444444,170100272_d820db2199.jpg
1.524,28.33333333,23.33333333,25.55555556,1713248047_d03721456d.jpg
4.064,29.44444444,22.77777778,26.11111111,1713248099_d860df4e10.jpg
0.254,30,22.77777778,26.66666667,1714316707_8bbaa2a2ba.jpg
4.064,30,22.77777778,26.66666667,171488318_fb26af58e2.jpg
40.132,29.44444444,23.88888889,26.66666667,1716445442_9cf3528342.jpg
9.144,28.33333333,25.55555556,26.66666667,1718184338_5968d88edb.jpg
8.382,28.88888889,23.88888889,26.66666667,172092461_a9a9762e13.jpg
0.508,29.44444444,25.55555556,27.77777778,172092464_d9eb4f4f2f.jpg
14.224,28.88888889,22.22222222,25.55555556,172097782_f0844ec317.jpg
8.128,29.44444444,23.88888889,26.66666667,172097783_292c5413d8.jpg
0.508,28.88888889,22.77777778,25.55555556,1721637099_93e9ec2a2f.jpg
11.176,28.33333333,22.77777778,25.55555556,17273391_55cfc7d3d4.jpg
3.81,30.55555556,22.22222222,26.66666667,173020287_230bfc4ffc.jpg
15.494,25.55555556,23.88888889,24.44444444,1731546544_9fbf14617b.jpg
1.27,25.55555556,22.77777778,23.88888889,1732217138_aa0199ef87.jpg
9.906,25.55555556,22.77777778,23.88888889,1732436777_950bcdc9b8.jpg
1.016,26.66666667,24.44444444,25.55555556,174466741_329a52b2fe.jpg
0.254,25,22.77777778,23.88888889,1745110280_0cbff5e273.jpg
114.808,24.44444444,21.66666667,22.77777778,1752454466_723790dbd6.jpg
1.016,26.11111111,23.88888889,25,1763020597_d4cc8f0f8a.jpg
2.794,27.22222222,22.77777778,25,1764955991_5e53a28c87.jpg
56.388,26.66666667,22.77777778,24.44444444,1765164972_92dac06fa9.jpg
1.27,26.11111111,22.22222222,23.88888889,1770036088_08abe4f6e9.jpg
2.032,27.22222222,22.77777778,25,1771490732_0ab5f029ac.jpg
53.34,24.44444444,22.77777778,23.33333333,1772859261_236c09b861.jpg
7.366,25.55555556,23.33333333,24.44444444,177302997_5b2d770a0a.jpg
2.286,27.77777778,22.22222222,25,1773928579_5664a810dc.jpg
273.558,24.44444444,22.22222222,23.33333333,1775029934_e1e96038a8.jpg
27.686,25.55555556,21.66666667,23.33333333,1776981714_5b224d0f7a.jpg
0.254,28.33333333,20,23.88888889,1777816180_08d7e8063b.jpg
36.576,26.11111111,22.22222222,23.88888889,1778020185_1d44c04dae.jpg
111.506,23.33333333,21.11111111,22.22222222,1781227288_6811e734be.jpg
4.318,28.88888889,21.66666667,25,1784309115_0ad6791146.jpg
17.78,26.66666667,23.33333333,25,1785138090_76a56aaabc.jpg
101.346,25.55555556,21.66666667,23.33333333,1786425974_c7c5ad6aa1.jpg
1.778,26.66666667,22.77777778,24.44444444,1787222774_d5c68cce53.jpg
27.178,27.22222222,21.66666667,24.44444444,179009558_69be522c63.jpg
120.142,25,21.66666667,23.33333333,1794818900_e0ffdd268e.jpg
116.586,24.44444444,20.55555556,22.22222222,1795151944_d69b82f942.jpg
2.794,26.66666667,22.22222222,24.44444444,1797507760_384744fb34.jpg
66.294,26.11111111,21.66666667,23.88888889,1797554350_20998753c0.jpg
32.766,27.22222222,22.22222222,24.44444444,1798209205_77dbf525b0.jpg
55.118,26.66666667,21.66666667,23.88888889,1798215547_ef7ad95be8.jpg
6.096,24.44444444,21.11111111,22.77777778,179829865_095b040377.jpg
7.112,28.88888889,20,24.44444444,1799188614_b5189728ba.jpg
30.734,25.55555556,22.22222222,23.88888889,1799271536_6e69c8f1dc.jpg
8.128,28.88888889,21.11111111,25,1800601130_1c0f248d12.jpg
33.782,25,21.66666667,23.33333333,180094434_b0f244832d.jpg
46.228,25.55555556,21.11111111,23.33333333,1801063894_60bce29e19.jpg
68.072,25.55555556,22.22222222,23.88888889,1801188148_a176954965.jpg
1.27,27.22222222,22.77777778,25,1801663973_5ad393caeb.jpg
8.128,28.33333333,22.22222222,25,1801874841_4c12055e2f.jpg
62.484,28.33333333,21.66666667,25,1802092493_7b44fdb6b9.jpg
72.644,25.55555556,21.11111111,23.33333333,1803631090_05e07cc159.jpg
18.796,27.77777778,21.66666667,24.44444444,180506881_de0f59770f.jpg
0.254,27.22222222,21.66666667,24.44444444,1805990081_da9cefe3a5.jpg
29.972,26.66666667,22.22222222,24.44444444,1806580620_a8fe0fb9f8.jpg
203.708,25,22.77777778,23.88888889,1807169176_7f5226bf5a.jpg
12.954,29.44444444,22.22222222,25.55555556,1808007704_ee8a93abb4.jpg
2.032,27.77777778,22.77777778,25,1808370027_2088394eb4.jpg
15.24,27.77777778,23.33333333,25.55555556,1808504612_3508f3c9bb.jpg
61.214,25.55555556,22.22222222,23.88888889,1809758121_96026913bb.jpg
16.51,27.77777778,22.22222222,25,1809796012_a2dac6c26b.jpg
0.508,29.44444444,21.11111111,25,1810651611_35aae644fb.jpg
70.866,28.88888889,22.77777778,25.55555556,181103691_fb2f956abd.jpg
48.768,25.55555556,22.77777778,23.88888889,181157221_e12410ef0b.jpg
27.432,27.22222222,22.77777778,25,1812525037_528465037c.jpg
10.922,26.66666667,22.77777778,24.44444444,1813266419_08bf66fe98.jpg
34.798,28.33333333,22.77777778,25.55555556,1813597483_3f09d2a020.jpg
8.89,29.44444444,22.77777778,26.11111111,1813777902_07d1d4b00c.jpg
12.446,30,22.22222222,26.11111111,1814086703_33390d5fc7.jpg
55.118,29.44444444,22.22222222,25.55555556,181415975_2627aa6668.jpg
17.272,26.66666667,21.11111111,23.88888889,1814391289_83a1eb71d3.jpg
54.61,27.22222222,22.22222222,24.44444444,181777261_84c48b31cb.jpg
81.788,26.11111111,21.66666667,23.88888889,1818403842_553a2a392c.jpg
9.906,29.44444444,22.22222222,25.55555556,1819261140_6c022f4b1d.jpg
10.922,29.44444444,22.22222222,25.55555556,1821238649_2fda79d6d7.jpg
2.286,29.44444444,21.66666667,25.55555556,182493240_40410254b0.jpg
1.016,29.44444444,23.88888889,26.66666667,1827560917_c8d3c5627f.jpg
0.508,28.88888889,22.77777778,25.55555556,1835511273_790eaae6e6.jpg
38.1,26.66666667,22.77777778,24.44444444,1836335410_de8313a64e.jpg
1.524,30.55555556,22.22222222,26.11111111,1837976956_3c45d0f9b8.jpg
40.894,28.88888889,21.66666667,25,185057637_e8ada37343.jpg
0.508,30,22.22222222,26.11111111,1858963639_4588cd4be9.jpg
30.988,28.33333333,22.77777778,25.55555556,185972340_781d60ccfd.jpg
56.388,26.11111111,22.22222222,23.88888889,1859726819_9a793b3b44.jpg
2.54,27.22222222,21.66666667,24.44444444,1859941832_7faf6e5fa9.jpg
25.146,30,22.77777778,26.11111111,1860543210_47e94cf652.jpg
2.54,28.33333333,21.66666667,25,186346360_541047336f.jpg
2.54,32.22222222,21.66666667,26.66666667,186348874_75b2cf1ec5.jpg
10.668,31.66666667,21.66666667,26.66666667,1865794069_6e3a1e57bb.jpg
23.622,30.55555556,21.66666667,26.11111111,186890601_8a6b0f1769.jpg
13.97,31.11111111,21.66666667,26.11111111,186890605_ddff5b694e.jpg
36.576,27.77777778,19.44444444,23.33333333,1874617189_e85d3f4326.jpg
3.556,31.11111111,21.11111111,26.11111111,1876536922_8fdf8d7028.jpg
3.556,31.11111111,20,25.55555556,1881494074_1bebd93089.jpg
1.524,31.11111111,19.44444444,25,1884065356_c6c34b4568.jpg
3.81,31.66666667,22.22222222,27.22222222,1884727806_d84f209868.jpg
2.032,32.22222222,22.22222222,27.22222222,1895768965_43cd9d164f.jpg
23.622,31.66666667,22.77777778,27.22222222,1897025969_0c41688fa6.jpg
0.254,30.55555556,22.77777778,26.66666667,189721896_1ffe76d89e.jpg
8.636,31.11111111,23.33333333,27.22222222,189740668_0b045f1ff2.jpg
37.592,29.44444444,22.22222222,25.55555556,1904112245_549e47c8aa.jpg
1.016,31.11111111,22.77777778,26.66666667,190638179_be9da86589.jpg
12.954,31.11111111,22.22222222,26.66666667,190965502_0b9ed331d9.jpg
18.542,31.66666667,20.55555556,26.11111111,191003283_992257f835.jpg
14.732,30.55555556,21.66666667,26.11111111,191003284_1025b0fb7d.jpg
7.112,30.55555556,21.11111111,25.55555556,191003285_edd8d0cf58.jpg
0.254,31.11111111,22.22222222,26.66666667,191003287_2915c11d8e.jpg
1.016,30.55555556,21.66666667,26.11111111,191592626_477ef5e026.jpg
6.604,29.44444444,22.77777778,26.11111111,1917203130_fcaff8b10e.jpg
3.048,28.88888889,22.22222222,25.55555556,1917265421_aeccf1ca38.jpg
49.784,29.44444444,22.22222222,25.55555556,1918573100_d31cbb6b77.jpg
0.762,30.55555556,22.22222222,26.66666667,19212715_20476497a3.jpg
1.778,31.66666667,22.22222222,26.66666667,1921398767_771743bf4e.jpg
18.034,30.55555556,22.77777778,26.66666667,1923476156_e20976b32d.jpg
0.508,30.55555556,22.77777778,26.66666667,1924234308_c9ddcf206d.jpg
46.228,27.22222222,22.77777778,25,1925434818_2949a8f6d8.jpg
11.43,31.66666667,22.77777778,27.22222222,1926129518_4350f4f552.jpg
48.768,30,21.11111111,25.55555556,1928319708_ccf1f4ee72.jpg
4.572,31.66666667,22.77777778,27.22222222,1931690777_897a7d8ab6.jpg
6.096,32.77777778,22.22222222,27.22222222,1932161768_996eadac87.jpg
18.288,31.11111111,21.66666667,26.11111111,1932314876_9cc46fd054.jpg
4.064,31.11111111,22.77777778,26.66666667,1936215201_d03a75cbba.jpg
0.762,29.44444444,22.77777778,26.11111111,1937104503_313d22a2d0.jpg
6.096,25,23.33333333,23.88888889,1937262236_cbf5bfa101.jpg
8.382,29.44444444,21.66666667,25.55555556,1947351225_288d788983.jpg
0.762,31.11111111,19.44444444,25.55555556,195084264_72fb347b0f.jpg
1.27,30,23.33333333,26.66666667,1952896009_cee8147c90.jpg
25.654,31.11111111,21.66666667,26.66666667,1956678973_223cb1b847.jpg
0.762,31.66666667,20,25.55555556,1956944011_c5661d3f22.jpg
7.874,30.55555556,22.22222222,26.66666667,1957371533_62bc720bac.jpg
3.81,31.66666667,22.77777778,27.22222222,195962284_e57178054a.jpg
0.762,31.66666667,20.55555556,26.11111111,195962790_3380aea352.jpg
0.508,31.11111111,21.66666667,26.66666667,1962729184_6996e128e7.jpg
2.032,32.22222222,23.33333333,27.77777778,1965278563_8279e408de.jpg
1.016,31.11111111,22.77777778,26.66666667,1969573381_5ecfae4c80.jpg
0.508,31.11111111,22.77777778,26.66666667,197107117_4b438b1872.jpg
0.508,31.66666667,22.77777778,27.22222222,197142902_f05ff198c2.jpg
8.636,31.11111111,22.22222222,26.66666667,197504190_fd1fc3d4b7.jpg
0.762,32.22222222,24.44444444,28.33333333,1975171469_84e425f61b.jpg
0.254,32.22222222,24.44444444,28.33333333,1975531316_8b00eeaaf7.jpg
32.258,27.77777778,22.22222222,25,1977827746_4e13d7e19f.jpg
14.224,32.22222222,24.44444444,28.33333333,197924859_f6e39a7dfa.jpg
8.89,28.33333333,21.66666667,25,1980315248_82dbc34676.jpg
94.488,27.77777778,21.11111111,24.44444444,1980882959_9a161f3469.jpg
33.274,31.11111111,23.33333333,27.22222222,1982852140_56425fa7a2.jpg
6.604,32.22222222,21.66666667,26.66666667,1984936420_3f3102132b.jpg
1.524,31.66666667,22.22222222,26.66666667,1989145280_3b54452188.jpg
1.524,32.22222222,25,28.88888889,1991806812_065f747689.jpg
67.818,30.55555556,21.66666667,26.11111111,1994416869_4dd769a806.jpg
7.112,32.22222222,23.88888889,27.77777778,199463720_329a802206.jpg
26.924,30,21.66666667,25.55555556,199809190_e3f6bbe2bc.jpg
1.524,31.11111111,22.22222222,26.66666667,1998255400_0cd086908f.jpg
4.318,30,22.22222222,26.11111111,1998457059_c9ac9a1e1a.jpg
8.89,31.66666667,22.22222222,26.66666667,1999444757_1b92efb590.jpg
6.858,32.22222222,23.33333333,27.77777778,2000459828_3c9e109106.jpg
0.254,32.22222222,22.77777778,27.77777778,2003663004_5b70920a98.jpg
3.81,30.55555556,24.44444444,27.77777778,2004674713_2883e63c67.jpg
8.128,28.88888889,23.33333333,26.11111111,200771289_31902164a7.jpg
1.016,31.66666667,22.22222222,26.66666667,2009636597_e3f4fe19fb.jpg
17.78,30.55555556,24.44444444,27.77777778,201682811_105241dee3.jpg
8.382,26.66666667,22.22222222,24.44444444,2017276266_566656c59d.jpg
41.402,26.66666667,22.22222222,24.44444444,2021602343_03023e1fd1.jpg
0.508,30,22.77777778,26.66666667,2021613437_d99731f986.jpg
16.51,30,23.33333333,26.66666667,2021671653_567395c7cf.jpg
40.894,27.77777778,21.66666667,24.44444444,2029280005_a19609c81a.jpg
5.588,30,23.33333333,26.66666667,2030781555_b7ff7be28f.jpg
37.846,28.88888889,22.77777778,25.55555556,203114209_e4cd71a6b7.jpg
8.89,30,23.33333333,26.66666667,2034553054_b00c166895.jpg
29.464,29.44444444,22.77777778,26.11111111,2036407732_d5a0389bba.jpg
55.118,26.11111111,21.11111111,23.33333333,2038662925_f4fa8c2534.jpg
13.462,27.77777778,22.77777778,25,2039457436_fc30f5e1ce.jpg
22.606,29.44444444,22.22222222,25.55555556,2040941056_7f5fd50794.jpg
49.022,29.44444444,22.77777778,26.11111111,2041867793_552819a40b.jpg
18.288,30,22.22222222,26.11111111,2042009399_afad34e7c1.jpg
37.846,26.66666667,23.33333333,25,2043427251_83b746da8e.jpg
43.434,28.33333333,23.33333333,25.55555556,2043520315_4a2c782c90.jpg
27.94,28.33333333,23.33333333,25.55555556,2044063458_fcc76a7636.jpg
0.762,28.88888889,23.33333333,26.11111111,2045023435_181854c013.jpg
0.762,28.88888889,23.33333333,26.11111111,2045109977_b00ec93491.jpg
61.468,26.11111111,23.33333333,24.44444444,2045562030_654ddea5e5.jpg
25.908,26.66666667,22.77777778,24.44444444,2045928594_92510c1c2a.jpg
54.102,27.77777778,22.22222222,25,2046222127_a6f300e202.jpg
34.036,27.77777778,22.77777778,25.55555556,2046778775_0dd7cac6ab.jpg
52.578,28.88888889,22.22222222,25.55555556,2049051050_20359a434a.jpg
46.99,26.66666667,21.11111111,23.88888889,2049646140_d0de01e3c4.jpg
10.668,28.33333333,21.66666667,25,2050067751_22d2763fd2.jpg
19.304,28.33333333,21.66666667,25,2051194177_fbeee211e3.jpg
177.8,26.66666667,22.77777778,24.44444444,2052202553_373dad145b.jpg
12.954,26.66666667,23.33333333,25,2052702658_da1204f6d1.jpg
7.366,26.66666667,22.22222222,24.44444444,2052953131_30834196fb.jpg
28.956,25,21.66666667,23.33333333,2053006423_6adf69ca67.jpg
20.828,28.33333333,21.11111111,24.44444444,2053441349_a98b5fc742.jpg
119.38,25.55555556,22.77777778,24.44444444,2053733930_e245615ad4.jpg
44.45,26.66666667,22.22222222,24.44444444,2053777548_108e54c826.jpg
1.778,27.77777778,21.11111111,24.44444444,2054308369_f9c6ec7815.jpg
85.344,25,22.77777778,23.88888889,2054869561_ff723e9eab.jpg
70.866,26.11111111,23.33333333,24.44444444,2055646179_169807fed4.jpg
95.758,26.11111111,21.11111111,23.33333333,2056041678_d6b5b39b26.jpg
18.542,27.77777778,22.22222222,25,2056042552_f59e338533.jpg
1.778,27.77777778,21.66666667,24.44444444,2056377805_e9a9b3bcf0.jpg
98.044,26.11111111,21.11111111,23.33333333,205682549_713aa6cd88.jpg
0.508,27.77777778,25.55555556,26.66666667,2056930414_d2b0f1395a.jpg
91.948,26.66666667,22.22222222,24.44444444,2057160636_6e9cf3b5f0.jpg
25.146,28.33333333,21.66666667,25,2057305043_952b8dc82c.jpg
17.526,26.11111111,23.33333333,24.44444444,2057306459_2f52ce648e.jpg
33.528,26.11111111,21.11111111,23.33333333,2058091220_2087270068.jpg
7.366,26.66666667,23.88888889,25.55555556,2058124718_89822bc96e.jpg
38.354,25.55555556,22.22222222,23.88888889,2058472558_7dd5014abd.jpg
6.35,26.66666667,22.22222222,24.44444444,2059616165_b7c99c1009.jpg
39.624,25.55555556,22.22222222,23.88888889,2059842472_f4fb61ea08.jpg
68.326,26.11111111,22.77777778,24.44444444,2060031241_a3ae7a06bb.jpg
4.318,27.22222222,22.77777778,25,206087108_d4557d38ee.jpg
15.748,27.77777778,21.11111111,24.44444444,2061144717_5b3a1864f0.jpg
13.462,25.55555556,22.77777778,24.44444444,2061354254_faa5bd294b.jpg
1.524,25.55555556,23.33333333,24.44444444,2061397486_53a61e17c5.jpg
3.048,26.66666667,22.77777778,25,2061927950_dafba5b8a3.jpg
11.176,26.66666667,23.33333333,25,2061944672_0383e65c8a.jpg
6.096,26.11111111,22.77777778,24.44444444,2062607137_dac194ad02.jpg
55.118,25,22.22222222,23.33333333,2063277300_f7ff476914.jpg
80.01,24.44444444,21.11111111,22.77777778,2064417101_3b9d817f4a.jpg
40.386,25.55555556,22.22222222,23.88888889,2064780645_8f28a1529f.jpg
32.258,25,21.11111111,23.33333333,2064790732_219e52e19c.jpg
10.668,26.11111111,21.66666667,23.88888889,2064792226_97e41d8167.jpg
35.306,28.33333333,22.77777778,25.55555556,2065309381_705b774f51.jpg
35.814,26.66666667,21.11111111,23.88888889,2065875490_a46b58c12b.jpg
40.894,26.11111111,22.22222222,23.88888889,2066048248_f53f5ef5e2.jpg
12.192,25.55555556,22.77777778,23.88888889,2066241589_b80e9f676c.jpg
1.016,27.77777778,22.77777778,25.55555556,2066271441_1f1f056c01.jpg
0.254,27.77777778,21.11111111,24.44444444,2067362863_59577f9d4d.jpg
3.048,27.77777778,22.22222222,25,2067833088_04e84e5bf2.jpg
9.652,26.11111111,22.22222222,23.88888889,2068403258_2669cf9763.jpg
1.778,27.77777778,21.66666667,24.44444444,2068465241_3bcabacfd7.jpg
88.646,26.66666667,22.22222222,24.44444444,2068960566_21e85ae0dc.jpg
19.304,26.66666667,22.22222222,24.44444444,2069279767_fb32bfb2de.jpg
12.954,29.44444444,22.77777778,26.11111111,2070798293_6b9405e04d.jpg
14.732,26.11111111,22.77777778,24.44444444,2070831281_dc04b3e15d.jpg
65.786,26.66666667,22.77777778,24.44444444,2070831523_5035d5537e.jpg
4.318,28.33333333,22.22222222,25.55555556,2071309418_1d7580b0f0.jpg
33.782,27.22222222,21.11111111,24.44444444,207237775_fa0a15c6fe.jpg
46.736,26.66666667,21.11111111,23.88888889,2072574835_febf0c5fb9.jpg
10.16,29.44444444,21.66666667,25.55555556,207275121_ee4dfa0bf2.jpg
12.446,26.66666667,23.33333333,25,2073105823_6dacade004.jpg
7.874,27.77777778,23.33333333,25.55555556,2073174497_18b779999c.jpg
136.398,25,21.11111111,23.33333333,2073756099_7e02c0110c.jpg
77.978,26.66666667,21.66666667,24.44444444,2073964624_52da3a0fc4.jpg
13.716,27.77777778,22.22222222,25,2074146683_7c83167aa1.jpg
116.84,25,22.22222222,23.33333333,2074244690_82e30ff44b.jpg
20.828,26.66666667,22.22222222,24.44444444,2074764331_90a9962b52.jpg
14.986,27.77777778,22.77777778,25.55555556,2075041394_0b3ea1822d.jpg
2.286,27.22222222,23.33333333,25.55555556,2075321027_c8fcbaf581.jpg
75.438,25.55555556,22.22222222,23.88888889,2075493556_b763648389.jpg
14.224,25,22.77777778,23.88888889,207584893_63e73c5c28.jpg
0.762,29.44444444,21.11111111,25.55555556,2076428547_738e0a132f.jpg
7.62,27.77777778,22.22222222,25,2076865206_53918c820c.jpg
69.596,27.22222222,22.77777778,25,2076906555_c20dc082db.jpg
14.732,28.33333333,22.77777778,25.55555556,2077079696_03380d218b.jpg
13.716,28.88888889,22.77777778,25.55555556,207731022_988f6afb35.jpg
2.794,28.33333333,22.22222222,25.55555556,2077346067_0a3a5aae65.jpg
9.652,28.33333333,22.22222222,25.55555556,2078311270_f01c9eaf4c.jpg
7.874,27.77777778,25,26.66666667,2079110798_ad1370a646.jpg
7.62,29.44444444,23.33333333,26.66666667,2079152458_40712c3b40.jpg
1.27,29.44444444,22.22222222,25.55555556,207930963_af3a2f1784.jpg
25.146,28.33333333,22.77777778,25.55555556,2079554580_f18d5c181b.jpg
42.672,27.77777778,21.66666667,24.44444444,2080033499_6be742f483.jpg
9.652,28.88888889,21.66666667,25.55555556,2081141788_38fa84ce3c.jpg
8.89,27.77777778,23.88888889,25.55555556,2081446176_f97dc76951.jpg
4.318,28.88888889,21.66666667,25.55555556,2081615901_13092cac56.jpg
1.778,28.33333333,22.77777778,25.55555556,2081679622_6f1442367d.jpg
0.508,30.55555556,22.22222222,26.66666667,2082005167_a0d6a70020.jpg
39.37,28.88888889,21.11111111,25,2083434441_a93bc6306b.jpg
3.556,28.88888889,23.88888889,26.66666667,2083778090_3aecaa11cc.jpg
30.48,28.88888889,22.77777778,25.55555556,2084103826_ffd76b1e3e.jpg
11.176,30,21.66666667,25.55555556,2084157130_f288e492e4.jpg
20.574,28.88888889,20.55555556,24.44444444,2084217208_7bd9bc85e5.jpg
33.274,28.33333333,22.77777778,25.55555556,2085078076_b9db242d21.jpg
1.778,29.44444444,22.22222222,25.55555556,2085255128_61224cc47f.jpg
9.144,30,22.77777778,26.66666667,2085400856_ae09df33a7.jpg
20.066,30,21.11111111,25.55555556,2085403342_a17b0654fe.jpg
39.878,27.22222222,22.77777778,25.55555556,2085557551_7a88d01d4e.jpg
0.762,30.55555556,23.88888889,27.22222222,2085726719_a57a75dbe5.jpg
0.508,30.55555556,20.55555556,25.55555556,2086513494_dbbcb583e7.jpg
0.508,30,21.66666667,25.55555556,2086532897_b8714f2237.jpg
2.794,28.88888889,23.33333333,26.11111111,2086534745_1e4ab80078.jpg
13.462,27.77777778,23.33333333,25.55555556,2086678529_b3301c2d71.jpg
0.254,30.55555556,22.22222222,26.66666667,2087317114_cf06df5aa5.jpg
51.816,29.44444444,22.22222222,26.11111111,2087640654_1a84577a44.jpg
0.508,27.22222222,21.11111111,24.44444444,2088120475_d6318364f5.jpg
0.762,31.11111111,22.22222222,26.66666667,2088460083_42ee8a595a.jpg
2.54,30,23.88888889,26.66666667,2088532947_c628e44c4a.jpg
0.254,30,20.55555556,25.55555556,2088910854_c6f8d4f5f9.jpg
13.716,30.55555556,21.11111111,25.55555556,2089122314_40d5739aef.jpg
7.874,28.88888889,21.66666667,25.55555556,2089350172_dc2cf9fcf6.jpg
17.272,30.55555556,18.88888889,24.44444444,2089426086_7acc98a3a8.jpg
3.81,30,20,25,2089442007_6fc798548c.jpg
0.508,28.33333333,21.66666667,25,2089539651_9e518ec7de.jpg
17.78,27.77777778,19.44444444,23.33333333,2089542487_b4c1ee7025.jpg
2.286,28.88888889,22.77777778,25.55555556,2089555297_95cf001fa7.jpg
4.572,30.55555556,21.11111111,25.55555556,2090327868_9f99e2740d.jpg
21.336,30.55555556,21.11111111,25.55555556,2090339522_d30d2436f9.jpg
1.016,32.22222222,23.33333333,27.77777778,2090386465_b6ebb7df2c.jpg
10.16,25.55555556,22.77777778,24.44444444,2090387793_274ab4cf7d.jpg
3.556,31.11111111,23.88888889,27.77777778,2090545563_a4e66ec76b.jpg
42.926,26.66666667,21.66666667,24.44444444,2090723611_318031cfa5.jpg
3.556,29.44444444,22.22222222,25.55555556,2090997177_76d482b158.jpg
18.288,32.77777778,21.66666667,27.22222222,2091171488_c8512fec76.jpg
1.778,32.22222222,23.88888889,27.77777778,2092177624_13ab757e8b.jpg
0.508,32.77777778,23.33333333,27.77777778,2092419948_eea8001d0f.jpg
1.524,31.66666667,20.55555556,26.11111111,2092870249_90e3f1855b.jpg
1.778,31.66666667,21.66666667,26.66666667,2094323311_27d58b1513.jpg
45.212,30,21.66666667,26.11111111,2094543127_46d2f1fedf.jpg
19.05,32.22222222,23.33333333,27.77777778,2094810449_f8df9dcdf7.jpg
1.778,31.11111111,21.66666667,26.66666667,2095007523_591f255708.jpg
0.254,32.22222222,25,28.88888889,2095078658_c14ba89bc2.jpg
37.592,30,21.11111111,25.55555556,2095435987_1b7591d214.jpg
0.762,31.66666667,25.55555556,28.88888889,2095444126_201ff9f222.jpg
0.508,32.22222222,23.88888889,27.77777778,2095478050_736c4d2d28.jpg
2.794,29.44444444,22.77777778,26.11111111,209605542_ca9cc52e7b.jpg
0.508,32.22222222,21.11111111,26.66666667,2096771662_984441d20d.jpg
1.016,33.33333333,21.66666667,27.77777778,2097398349_ff178b3f1b.jpg
13.716,31.66666667,22.77777778,27.22222222,2097403787_77a154f5b9.jpg
2.794,32.22222222,24.44444444,28.33333333,2097407245_c798e0dcaf.jpg
3.556,31.11111111,24.44444444,27.77777778,2097420505_439f63c863.jpg
38.608,32.77777778,23.33333333,27.77777778,2097489021_ca1b9f5c3b.jpg
2.032,30.55555556,22.22222222,26.66666667,2098174172_e57d86ea03.jpg
1.778,32.22222222,24.44444444,28.33333333,2098418613_85a0c9afea.jpg
44.958,29.44444444,22.22222222,25.55555556,2098646162_e3b3bbf14c.jpg
1.27,31.66666667,22.77777778,27.22222222,2099323664_bb20457f26.jpg
3.556,27.77777778,21.66666667,24.44444444,2100046085_69b59b6645.jpg
46.736,26.11111111,22.22222222,24.44444444,2100735137_05c6079537.jpg
155.448,24.44444444,21.66666667,23.33333333,2100816230_ff866fb352.jpg
140.716,24.44444444,22.22222222,23.33333333,2100909581_b7dde5b704.jpg
19.304,26.11111111,22.22222222,24.44444444,2101128963_fdf8b2a0d7.jpg
7.112,26.66666667,23.33333333,25,210126070_0d43b300b9.jpg
148.336,25,22.77777778,23.88888889,2101457132_69c950bc45.jpg
61.468,25.55555556,22.22222222,23.88888889,2101808682_0d66ef4a08.jpg
19.812,24.44444444,22.77777778,23.33333333,2102030040_2e8f4738f7.jpg
0.508,26.11111111,22.22222222,24.44444444,2102315758_a9148a842f.jpg
1.27,26.11111111,22.22222222,24.44444444,2102360862_264452db8e.jpg
4.572,25.55555556,22.22222222,23.88888889,2102581664_5ea50f85c6.jpg
5.08,25,22.22222222,23.33333333,2102724238_3cf921d7bb.jpg
1.27,26.11111111,22.22222222,24.44444444,2102732029_9ae520914d.jpg
1.016,26.11111111,20,23.33333333,2103361407_4ed4fc46bf.jpg
15.494,27.22222222,21.66666667,24.44444444,2103568100_5d018c495b.jpg
5.08,23.88888889,22.22222222,23.33333333,2105756457_a100d8434e.jpg
7.874,25,22.22222222,23.33333333,210625425_fb1ef5d23b.jpg
39.116,23.88888889,21.66666667,23.33333333,2106772874_381824648b.jpg
5.588,25.55555556,20,22.77777778,210686241_b8e069fff3.jpg
1.27,27.77777778,21.66666667,24.44444444,2107837987_ffecfc367a.jpg
62.484,28.88888889,18.88888889,23.88888889,2107838729_a527e434bd.jpg
1.016,26.11111111,21.11111111,23.33333333,210839948_bbd5bfa3b6.jpg
4.064,25.55555556,20.55555556,23.33333333,2108799322_e25aa6e185.jpg
18.034,25.55555556,20,22.77777778,2109370875_05241bdda7.jpg
33.528,23.88888889,21.11111111,22.22222222,2109479807_eec8d72ca7.jpg
8.89,27.22222222,21.11111111,24.44444444,2109911919_af45b93ef3.jpg
60.706,27.22222222,20.55555556,23.88888889,2110692070_8aaaa1ae39.jpg
5.588,27.22222222,20.55555556,23.88888889,2110898123_07729c1461.jpg
5.08,27.77777778,20.55555556,24.44444444,2111360187_d2505437b7.jpg
1.016,26.66666667,20.55555556,23.33333333,2112661738_de71b60b88.jpg
5.842,26.11111111,20.55555556,23.33333333,211277478_7d43aaee09.jpg
17.526,25.55555556,21.66666667,23.33333333,2112921744_92bf706805.jpg
5.334,26.66666667,21.11111111,23.88888889,211295363_49010ca38d.jpg
1.778,26.11111111,21.11111111,23.33333333,2113530024_5bc6a90e42.jpg
2.286,26.66666667,22.22222222,24.44444444,2114126343_a0f74ff63b.jpg
2.54,26.66666667,22.22222222,24.44444444,2114355355_9d7e2d8178.jpg
7.366,25.55555556,21.11111111,23.33333333,2114739371_83aa8bdb0e.jpg
15.494,28.33333333,21.66666667,25,2115620856_4fa5025ac6.jpg
17.78,26.11111111,22.22222222,24.44444444,2115631346_9585a479b0.jpg
4.826,26.11111111,22.22222222,24.44444444,2115849046_2aa9fa8d13.jpg
3.81,26.66666667,21.11111111,23.88888889,2116316160_d5fa7abdc3.jpg
3.81,26.66666667,21.66666667,24.44444444,2116444946_1f5d1fe5d1.jpg
19.558,29.44444444,21.66666667,25.55555556,2119302248_72493d458c.jpg
97.028,24.44444444,20.55555556,22.22222222,2119660490_ce0d4d1f73.jpg
4.572,27.77777778,20.55555556,24.44444444,211981411_e88b8043c2.jpg
11.938,27.22222222,21.66666667,24.44444444,2120383553_5825333a3f.jpg
3.81,27.22222222,22.22222222,24.44444444,2120411340_104eb610b1.jpg
12.7,28.33333333,22.22222222,25.55555556,2120469056_7a738413be.jpg
36.068,28.33333333,21.11111111,24.44444444,2120571547_05cd56de85.jpg
16.764,27.77777778,21.11111111,24.44444444,2121140070_a09644550b.jpg
23.622,26.11111111,22.77777778,24.44444444,2121357310_f8235311da.jpg
30.988,27.77777778,21.66666667,24.44444444,2123932281_1a4fd38455.jpg
57.912,28.33333333,22.22222222,25.55555556,2124040721_bffc0a091a.jpg
10.414,29.44444444,20.55555556,25,2125216241_5b265a2fbc.jpg
7.112,26.11111111,22.77777778,24.44444444,2125454445_5c5c4bf906.jpg
1.778,28.88888889,22.22222222,25.55555556,2125626631_a4b63af97e.jpg
16.51,30,22.22222222,26.11111111,2126950128_74a4882658.jpg
0.508,31.11111111,22.77777778,26.66666667,2127031632_77505e4218.jpg
3.302,30.55555556,23.33333333,26.66666667,2127207912_9298824e66.jpg
13.716,28.88888889,23.33333333,26.11111111,2127209046_94711c747b.jpg
28.194,28.88888889,23.33333333,26.11111111,2128119486_4407061c40.jpg
60.96,27.22222222,23.33333333,25.55555556,2129430111_338a94f8fb.jpg
19.812,30,22.77777778,26.66666667,2130203183_49bae96b96.jpg
72.898,30.55555556,22.22222222,26.66666667,2130851544_d36f4f2ea6.jpg
65.532,30,22.22222222,26.11111111,2130986011_47cb05c8c9.jpg
6.858,30.55555556,20.55555556,25.55555556,2131762850_5293a288d9.jpg
12.7,30.55555556,22.22222222,26.66666667,213216174_0632af65a2.jpg
71.882,28.88888889,20.55555556,24.44444444,2133650765_fc6e5f295e.jpg
0.762,29.44444444,21.11111111,25.55555556,2135360514_7dcb9ed796.jpg
5.334,30.55555556,22.22222222,26.66666667,2135502491_a15c6b5eae.jpg
3.302,29.44444444,22.77777778,26.11111111,2136455112_202c093ba4.jpg
21.59,30.55555556,21.66666667,26.11111111,2136514643_93d8f75a77.jpg
10.922,28.33333333,20.55555556,24.44444444,2136992638_098d62a3c5.jpg
11.684,27.22222222,21.66666667,24.44444444,2137071442_1c9658c81a.jpg
3.302,29.44444444,22.22222222,25.55555556,2137789511_69a6c6afa8.jpg
2.54,32.22222222,21.66666667,26.66666667,2138487671_5b89104043.jpg
0.508,30.55555556,22.22222222,26.66666667,2139519215_8ca16dd192.jpg
1.778,30,22.22222222,26.11111111,2140182410_8e2a06fbda.jpg
1.016,30,22.77777778,26.66666667,2140305708_591d10b54d.jpg
11.176,29.44444444,22.77777778,26.11111111,2140747429_62cfd89ae9.jpg
5.334,27.22222222,22.77777778,25,2141065212_463a6997e1.jpg
27.432,27.22222222,21.11111111,24.44444444,2141713971_e25eb12712.jpg
33.782,27.77777778,22.22222222,25,2142232919_c857a09dd7.jpg
21.59,28.33333333,22.77777778,25.55555556,2144049642_070cf541b4.jpg
22.86,27.77777778,22.77777778,25.55555556,2144050118_3e7d2e05b1.jpg
0.254,30,22.77777778,26.66666667,2144846312_d4c738dc6c.jpg
6.096,28.33333333,22.77777778,25.55555556,214501174_6db1f4d69c.jpg
9.652,28.33333333,22.22222222,25.55555556,214543992_ce6c0d9f9b.jpg
0.762,30,22.77777778,26.66666667,2147199188_d2d70b88ec.jpg
0.254,32.22222222,22.77777778,27.77777778,2148013097_6a4f495bc5.jpg
0.762,30.55555556,22.22222222,26.66666667,2148695079_9ae6a9b1c7.jpg
4.318,31.66666667,22.22222222,26.66666667,2148916767_644ea6a7fa.jpg
0.508,31.11111111,22.77777778,26.66666667,2148991939_3b9fd6c439.jpg
3.048,32.22222222,23.33333333,27.77777778,2149968397_a7411729d1.jpg
2.54,30.55555556,22.77777778,26.66666667,2149982207_5345633bbf.jpg
8.636,31.11111111,22.77777778,26.66666667,2150564996_d173a506d7.jpg
16.256,30.55555556,22.77777778,26.66666667,2151056407_c9c09b0a02.jpg
22.098,30.55555556,23.33333333,26.66666667,2151300603_248a9fe715.jpg
1.524,30.55555556,23.88888889,27.22222222,215214751_e913b6ff09.jpg
0.254,30.55555556,21.66666667,26.11111111,2156131463_5b53636cf0.jpg
0.508,31.66666667,22.22222222,26.66666667,2156726763_034ecd2e39.jpg
3.302,30,22.22222222,26.66666667,2157003092_eaeb977789.jpg
16.256,30.55555556,22.77777778,26.66666667,2157173498_2eea42ee38.jpg
0.254,30.55555556,22.77777778,26.66666667,2158247955_484f0a1f11.jpg
7.62,30,22.77777778,26.66666667,2158267555_db1d94e468.jpg
9.652,30,23.33333333,26.66666667,215876547_fa584c5ec3.jpg
39.116,32.77777778,23.33333333,27.77777778,2159447283_fab8c272b0.jpg
35.56,25,21.11111111,23.33333333,2160266952_a2ab39191b.jpg
12.192,30.55555556,22.22222222,26.66666667,216172386_9ac5356dae.jpg
34.29,27.22222222,21.11111111,24.44444444,2161799386_27aa938421.jpg
22.098,30.55555556,22.22222222,26.11111111,2162469360_ff777edc95.jpg
7.874,27.77777778,23.33333333,25.55555556,2162564553_96de62c7e6.jpg
39.878,27.77777778,23.33333333,25.55555556,2164363131_6930455d45.jpg
6.35,30,22.22222222,26.11111111,2165459064_5b81ff23eb.jpg
0.508,30,24.44444444,27.22222222,2165461920_1a4144eb2b.jpg
8.636,28.33333333,21.66666667,25,2165677531_e1d5e086f7.jpg
8.636,29.44444444,22.22222222,26.11111111,2167644298_100ca79f54.jpg
7.112,29.44444444,22.77777778,26.11111111,2169067981_cc19268f23.jpg
0.508,31.11111111,22.22222222,26.66666667,2169951750_495820a215.jpg
0.508,30,21.66666667,26.11111111,2170187328_65c2f11891.jpg
2.286,25,19.44444444,22.22222222,2170222061_e8bce4a32d.jpg
35.052,24.44444444,21.66666667,23.33333333,2171154778_8189169336.jpg
35.052,24.44444444,21.66666667,23.33333333,2171576939_d1e72daab2.jpg
8.89,31.11111111,22.77777778,27.22222222,2171891283_dedd9cf416.jpg
30.988,27.77777778,22.22222222,25,2172493537_128bc8b187.jpg
0.254,32.77777778,21.66666667,27.22222222,2172526745_649f420569.jpg
0.762,32.22222222,21.11111111,26.66666667,2173061319_1f267765dc.jpg
43.18,31.11111111,22.22222222,26.66666667,2173312932_269f9786fc.jpg
1.27,32.77777778,21.11111111,26.66666667,2173677067_9d0732bcc2.jpg
1.016,26.66666667,21.66666667,23.88888889,2174206711_11cb712a8d.jpg
50.546,33.33333333,22.22222222,27.77777778,217583047_5e93e1e119.jpg
1.524,32.22222222,22.22222222,27.22222222,2176147758_9a8deba576.jpg
33.02,32.77777778,22.22222222,27.77777778,2176364472_31fcd37531.jpg
0.762,29.44444444,22.77777778,26.11111111,2176874361_2b4149010b.jpg
24.892,30.55555556,21.66666667,26.11111111,2176980976_7054c99621.jpg
5.588,31.11111111,21.66666667,26.11111111,2178064851_bb39652d28.jpg
16.764,32.22222222,21.66666667,26.66666667,2178095150_436b035741.jpg
1.778,31.66666667,22.22222222,26.66666667,2178306830_6af49375b4.jpg
13.716,31.66666667,20.55555556,26.11111111,217838128_1f0a84ddc1.jpg
2.032,28.88888889,21.66666667,25.55555556,2180356743_b3a3c9a7f6.jpg
0.254,30,21.66666667,25.55555556,2180480870_dcaf5ac0df.jpg
15.494,33.33333333,21.11111111,27.22222222,2180886307_5156460b2c.jpg
20.32,31.66666667,20,25.55555556,2181117039_c4eea8036e.jpg
1.27,33.33333333,22.77777778,27.77777778,2181724497_dbb7fcb0a9.jpg
10.922,32.77777778,21.66666667,27.22222222,2181846120_3744ca3942.jpg
0.254,31.66666667,22.77777778,27.22222222,2182050469_1edac0bc60.jpg
2.54,32.77777778,21.11111111,27.22222222,2182488373_df73c7cc09.jpg
0.254,31.66666667,23.33333333,27.77777778,2183227136_8bb657846b.jpg
8.128,32.77777778,22.77777778,27.77777778,218342358_1755a9cce1.jpg
11.684,32.22222222,22.77777778,27.77777778,2183967273_d182e18cf6.jpg
1.27,32.22222222,23.88888889,27.77777778,2185793891_5a5e903ca6.jpg
29.464,29.44444444,21.66666667,25.55555556,2186087673_c7a73da7ce.jpg
13.208,32.22222222,20.55555556,26.66666667,2186139563_e60c1d4b8b.jpg
0.508,32.77777778,20.55555556,26.66666667,2186367337_0ce9ce2104.jpg
70.612,30.55555556,20.55555556,25.55555556,2187222896_c206d63396.jpg
0.254,32.22222222,22.22222222,27.22222222,2187503678_fd743e0a00.jpg
7.874,30.55555556,23.33333333,26.66666667,2187720319_112d00f07d.jpg
36.576,29.44444444,21.11111111,25.55555556,2187904131_96ea83b9b5.jpg
0.762,31.11111111,22.22222222,26.66666667,2188192752_09d9fc5431.jpg
0.508,32.22222222,22.22222222,27.22222222,2188688248_f57a28a5a7.jpg
4.064,32.77777778,22.77777778,27.77777778,2189181027_a445b13438.jpg
1.27,31.66666667,22.77777778,27.22222222,2189995738_352607a63b.jpg
0.508,31.11111111,23.88888889,27.22222222,2190137367_746335f707.jpg
67.31,30.55555556,20.55555556,25.55555556,2190227737_6e0bde2623.jpg
1.778,30.55555556,22.22222222,26.66666667,219070971_ae43410b9e.jpg
0.508,27.77777778,22.22222222,25,2191329761_3effd856c5.jpg
0.508,28.33333333,23.33333333,25.55555556,2191453879_11dfe2ba3a.jpg
0.508,30,22.77777778,26.11111111,2192026581_b782d1355a.jpg
3.556,33.33333333,23.33333333,28.33333333,2192131110_8a40e7c028.jpg
16.51,28.88888889,22.22222222,25.55555556,2192333873_2a0cbe849d.jpg
11.43,27.77777778,22.22222222,25,2192411521_9c7e488c5e.jpg
48.768,28.33333333,22.22222222,25.55555556,2192475933_d779bf42eb.jpg
0.508,31.11111111,22.22222222,26.66666667,2192802444_b14bb87b95.jpg
1.524,30.55555556,22.22222222,26.66666667,219301553_d2fffe9e0c.jpg
26.67,30,23.33333333,26.66666667,219301555_17883a51bd.jpg
13.97,29.44444444,21.11111111,25.55555556,2193223202_4d908c0450.jpg
27.432,29.44444444,23.33333333,26.66666667,2193980605_4221c6474d.jpg
3.81,30,22.22222222,26.11111111,2194286203_5dc620006a.jpg
65.024,30,22.22222222,26.11111111,2194494220_bb2178832c.jpg
28.448,30.55555556,22.22222222,26.66666667,2194495372_bdac7d9e71.jpg
2.032,31.66666667,22.77777778,27.22222222,2194797921_96af7a9467.jpg
19.05,28.33333333,22.77777778,25.55555556,2194806429_ca4c3770c1.jpg
32.004,29.44444444,22.77777778,26.11111111,2195419145_36722e8d54.jpg
17.78,28.88888889,22.22222222,25.55555556,2195620255_6693479734.jpg
16.256,30.55555556,22.22222222,26.66666667,2195887578_3ba2f29b48.jpg
9.144,29.44444444,22.77777778,26.11111111,2196050115_e236d91f52.jpg
48.006,28.88888889,22.22222222,25.55555556,2196107384_361d73a170.jpg
1.016,30,22.22222222,26.11111111,2196284168_76417efbec.jpg
5.588,30,22.77777778,26.66666667,2196316998_3b2d63f01f.jpg
76.2,27.77777778,21.66666667,24.44444444,2196846255_2c1635359a.jpg
20.32,27.22222222,22.22222222,24.44444444,2197275664_fabcf3424b.jpg
46.736,27.77777778,22.22222222,25,219730733_6a55382dd2.jpg
0.508,30.55555556,22.22222222,26.66666667,219843859_94b6d0a580.jpg
29.972,28.88888889,22.77777778,25.55555556,219843860_332e5ca7d4.jpg
18.288,28.33333333,22.22222222,25.55555556,2198484810_50a893824a.jpg
0.508,30,22.77777778,26.66666667,2198494923_8159551be4.jpg
13.208,28.33333333,21.66666667,25,2198511848_311d8a8c2f.jpg
37.338,28.33333333,22.22222222,25.55555556,2198964806_c57b0534d3.jpg
6.35,27.77777778,22.22222222,25,2199083344_3aa77f4879.jpg
1.27,27.77777778,22.22222222,25,2199200615_85e4c2a602.jpg
37.084,26.66666667,22.22222222,24.44444444,2199250692_a16b0c2ae1.jpg
2.794,27.77777778,22.22222222,24.44444444,2199793371_343809ff70.jpg
28.956,26.66666667,21.66666667,24.44444444,2200901777_f6c168bd32.jpg
1.27,30.55555556,21.66666667,26.11111111,2201192417_d934730fea.jpg
2.54,28.33333333,22.22222222,25.55555556,2201222219_8d656b0633.jpg
50.546,25.55555556,20.55555556,23.33333333,2201951969_0d7520d648.jpg
1.27,28.33333333,21.66666667,25,2201978994_c444e64810.jpg
1.524,27.22222222,22.77777778,25,2203286182_b453e9d176.jpg
2.032,26.66666667,22.22222222,24.44444444,2203449950_e51d0f9065.jpg
7.874,26.66666667,21.66666667,24.44444444,2203615439_3c7cdc39dc.jpg
3.302,26.66666667,21.66666667,24.44444444,2204277704_f1c8c741ed.jpg
0.254,26.66666667,21.11111111,23.88888889,2204550058_2707d92338.jpg
0.508,25.55555556,20.55555556,23.33333333,2204695848_3d1b140212.jpg
7.112,25.55555556,22.22222222,23.88888889,2204777844_1bcf26bf84.jpg
8.636,25.55555556,21.66666667,23.33333333,2205088706_d7e633e00d.jpg
4.064,26.66666667,21.66666667,24.44444444,2205328215_3ffc094cde.jpg
0.508,25.55555556,22.22222222,23.88888889,2205336881_d9ee4179d3.jpg
29.972,23.88888889,21.66666667,22.77777778,2206403470_8c25aa3cf8.jpg
2.032,25.55555556,21.11111111,23.33333333,2206594874_5e0087c6b7.jpg
3.048,27.22222222,21.11111111,24.44444444,2206600240_f65df56a09.jpg
1.27,27.22222222,21.66666667,24.44444444,2206960564_325ed0c7ae.jpg
48.26,23.88888889,21.11111111,22.77777778,2207244634_1db1a1890b.jpg
1.778,25.55555556,22.22222222,23.88888889,2208055895_37cd8e1edf.jpg
0.762,27.77777778,20.55555556,24.44444444,2208067635_39a03834ca.jpg
3.048,26.66666667,20,23.33333333,2208310655_a3d83080c5.jpg
43.942,25.55555556,22.77777778,24.44444444,2208631481_3e4a5675e1.jpg
26.924,25,20.55555556,22.77777778,2209496328_2a34fd201d.jpg
17.018,26.66666667,20.55555556,23.33333333,2209888959_d636b1be0b.jpg
1.524,28.33333333,20.55555556,24.44444444,2210368267_0615754b48.jpg
76.708,28.88888889,22.22222222,25.55555556,2211593099_4a4f1c85d2.jpg
52.07,24.44444444,21.11111111,22.77777778,2212472643_80238475b5.jpg
11.43,26.11111111,21.66666667,23.88888889,2213113526_beeb4f9bdc.jpg
30.734,25,21.66666667,23.33333333,2214132302_80064fd79d.jpg
52.324,24.44444444,22.22222222,23.33333333,2214847438_4993210d4c.jpg
35.306,25.55555556,22.22222222,23.88888889,2215136723_960edfea49.jpg
120.396,23.88888889,21.11111111,22.22222222,2215165918_2bf5b659dd.jpg
17.78,26.66666667,22.22222222,24.44444444,2216568822_84c295c3b0.jpg
0.762,26.66666667,21.66666667,24.44444444,2216695423_1362cb25f3.jpg
4.826,26.66666667,21.66666667,24.44444444,2217328285_b1d55c17ca.jpg
29.972,27.22222222,21.66666667,24.44444444,2217728745_92b6779016.jpg
14.986,25.55555556,22.22222222,23.88888889,2218334049_e649dbdb1a.jpg
12.192,26.11111111,21.66666667,23.88888889,2218519240_cac5aab53c.jpg
34.29,26.11111111,22.22222222,24.44444444,2218609886_892dcd6915.jpg
80.518,25.55555556,21.66666667,23.33333333,2218743570_9d6614c51c.jpg
34.036,25.55555556,22.22222222,24.44444444,2218843713_cf28ea319e.jpg
11.684,26.66666667,22.22222222,24.44444444,2218907190_5f43bf5e4d.jpg
30.48,27.77777778,22.22222222,25,221973402_ecb1cd51f1.jpg
3.556,29.44444444,21.66666667,25.55555556,2219805467_370ee1b7aa.jpg
63.5,26.11111111,22.22222222,24.44444444,2219805677_7b7cc188c7.jpg
7.366,27.77777778,22.77777778,25,2219959872_988e6d498e.jpg
1.016,30,22.22222222,26.11111111,2220175999_081aa9cce8.jpg
32.004,26.66666667,22.77777778,24.44444444,2220185725_45d4fa68d9.jpg
125.984,24.44444444,22.22222222,23.33333333,2220612655_030413b787.jpg
3.81,28.33333333,22.22222222,25.55555556,2221818690_9003756d33.jpg
0.762,27.22222222,22.77777778,25,2222186636_85e03e0b75.jpg
20.066,26.66666667,22.22222222,24.44444444,2222498879_9e82a100ab.jpg
14.224,27.77777778,22.77777778,25.55555556,2222559267_6fd31e3941.jpg
8.89,27.77777778,22.77777778,25.55555556,2223382277_9efa58ec45.jpg
4.572,28.88888889,22.77777778,25.55555556,222369445_5b6af347dd.jpg
7.62,29.44444444,22.77777778,26.11111111,2224450291_4c133fabe8.jpg
116.332,25,22.77777778,23.88888889,2224995194_518859d97d.jpg
6.35,27.77777778,22.77777778,25.55555556,2225231022_1632d0a5aa.jpg
68.072,26.11111111,22.77777778,24.44444444,2225241766_f1e7132e3e.jpg
10.414,28.33333333,22.77777778,25.55555556,2225864432_48a24f49a4.jpg
10.414,29.44444444,22.77777778,26.11111111,2226440063_c085b30558.jpg
10.922,30.55555556,22.77777778,26.66666667,2226534154_cbcab7ba32.jpg
46.482,28.88888889,21.66666667,25.55555556,2226587791_66e29dd01d.jpg
0.508,29.44444444,21.66666667,25.55555556,222759342_98294380fc.jpg
42.164,25.55555556,22.77777778,24.44444444,2228022180_9597b2a458.jpg
4.826,28.33333333,22.22222222,25.55555556,2228167286_7089ab236a.jpg
11.43,28.33333333,22.77777778,25.55555556,222878446_32c6fc4bc9.jpg
76.454,27.77777778,22.22222222,25,2229177914_3308fe7d20.jpg
1.524,29.44444444,22.22222222,25.55555556,2229179070_dc8ea8582e.jpg
33.02,27.77777778,22.22222222,25,2229509318_be3fef006b.jpg
17.78,29.44444444,21.11111111,25.55555556,2230067846_74046b89d3.jpg
34.544,28.33333333,22.77777778,25.55555556,2231847779_1148d1c919.jpg
1.27,31.66666667,21.66666667,26.66666667,2232518012_8cb0bbc43b.jpg
0.254,30.55555556,22.22222222,26.66666667,223299137_b0e81ac145.jpg
8.382,29.44444444,22.22222222,25.55555556,223299142_521aedf9e7.jpg
17.78,31.66666667,22.77777778,27.22222222,2233426944_0959835ced.jpg
11.43,31.11111111,21.11111111,26.11111111,2234702530_a265a4df22.jpg
12.7,28.33333333,23.88888889,26.11111111,2234910971_80e0325918.jpg
31.242,29.44444444,22.22222222,25.55555556,2236016316_f476cbbf06.jpg
38.608,24.44444444,22.77777778,23.33333333,2238019823_79318d1f11.jpg
9.906,28.88888889,22.77777778,25.55555556,2238166082_140f8b01b8.jpg
12.446,28.33333333,22.77777778,25.55555556,2238759450_6475641bdb.jpg
21.336,31.66666667,21.66666667,26.66666667,2239938351_43c73c887c.jpg
11.176,29.44444444,22.22222222,25.55555556,224026428_0165164ceb.jpg
2.54,30,22.22222222,26.11111111,2240539658_dea8db6e55.jpg
15.24,30,22.22222222,26.11111111,2241768909_3d96d48417.jpg
4.064,31.66666667,21.66666667,26.66666667,2242178517_2325b85e5f.jpg
4.826,31.11111111,21.66666667,26.66666667,224273695_0b517bd0eb.jpg
13.716,31.11111111,22.22222222,26.66666667,2242863004_3a9f82a31f.jpg
2.794,31.66666667,21.66666667,26.66666667,224369028_b1ac40d1fa.jpg
13.716,31.11111111,20.55555556,25.55555556,2243904502_2d265fed80.jpg
2.286,30.55555556,21.11111111,25.55555556,2244024374_54d7e88c2b.jpg
8.382,30.55555556,21.66666667,26.11111111,2244171992_a4beb04d8e.jpg
1.524,30.55555556,23.33333333,26.66666667,2244551043_21b8cca866.jpg
2.286,31.11111111,21.66666667,26.66666667,2244613488_4d1f9edb33.jpg
2.54,31.66666667,22.22222222,26.66666667,2245348304_08bc5642f1.jpg
42.418,26.66666667,22.22222222,24.44444444,2245618207_fa486ba2b7.jpg
10.668,32.77777778,21.66666667,27.22222222,2245914678_1f82fc3d80.jpg
